MAC Id,Login Time,Session Time,Download,Upload
xx:xx:xx:xx:xx:xx,25-06-25 9:05,0:31:45,386,15
xx:xx:xx:xx:xx:xx,25-06-25 8:33,0:29:16,306,24
xx:xx:xx:xx:xx:xx,25-06-25 8:04,0:30:26,549,39
xx:xx:xx:xx:xx:xx,25-06-25 7:33,0:30:10,357,16
xx:xx:xx:xx:xx:xx,25-06-25 7:03,0:27:14,383,11
xx:xx:xx:xx:xx:xx,25-06-25 6:36,0:32:05,174,5
xx:xx:xx:xx:xx:xx,25-06-25 6:04,0:29:04,15,3
xx:xx:xx:xx:xx:xx,25-06-25 5:35,0:31:53,12,2
xx:xx:xx:xx:xx:xx,25-06-25 5:00,0:05:59,0,0
xx:xx:xx:xx:xx:xx,25-06-25 4:54,0:27:35,119,5
xx:xx:xx:xx:xx:xx,25-06-25 4:26,0:27:28,12,2
xx:xx:xx:xx:xx:xx,25-06-25 3:58,0:30:10,84,4
xx:xx:xx:xx:xx:xx,25-06-25 3:28,0:31:54,36,2
xx:xx:xx:xx:xx:xx,25-06-25 2:56,0:32:07,1,1
xx:xx:xx:xx:xx:xx,25-06-25 2:24,0:32:07,2,1
xx:xx:xx:xx:xx:xx,25-06-25 1:52,0:27:17,1,1
xx:xx:xx:xx:xx:xx,25-06-25 1:25,0:32:24,1,1
xx:xx:xx:xx:xx:xx,25-06-25 0:53,0:31:54,10,2
xx:xx:xx:xx:xx:xx,25-06-25 0:21,0:28:02,390,5
xx:xx:xx:xx:xx:xx,24-06-25 23:53,0:28:59,791,18
xx:xx:xx:xx:xx:xx,24-06-25 23:24,0:29:53,1830,104
xx:xx:xx:xx:xx:xx,24-06-25 22:54,0:31:06,533,59
xx:xx:xx:xx:xx:xx,24-06-25 22:23,0:30:50,816,42
xx:xx:xx:xx:xx:xx,24-06-25 21:52,0:32:39,2583,107
xx:xx:xx:xx:xx:xx,24-06-25 21:19,0:29:05,1747,64
xx:xx:xx:xx:xx:xx,24-06-25 20:50,0:28:20,742,29
xx:xx:xx:xx:xx:xx,24-06-25 20:22,0:28:53,689,29
xx:xx:xx:xx:xx:xx,24-06-25 19:53,0:27:44,494,20
xx:xx:xx:xx:xx:xx,24-06-25 19:25,0:27:53,471,20
xx:xx:xx:xx:xx:xx,24-06-25 18:57,0:30:36,2218,42
xx:xx:xx:xx:xx:xx,24-06-25 18:27,0:29:27,10548,218
xx:xx:xx:xx:xx:xx,24-06-25 17:57,0:28:02,2908,66
xx:xx:xx:xx:xx:xx,24-06-25 17:29,0:29:38,891,32
xx:xx:xx:xx:xx:xx,24-06-25 16:59,0:31:51,839,30
xx:xx:xx:xx:xx:xx,24-06-25 16:28,0:28:30,924,32
xx:xx:xx:xx:xx:xx,24-06-25 15:59,0:28:25,1354,59
xx:xx:xx:xx:xx:xx,24-06-25 15:31,0:28:22,1297,38
xx:xx:xx:xx:xx:xx,24-06-25 15:02,0:31:42,1320,35
xx:xx:xx:xx:xx:xx,24-06-25 14:31,0:29:57,1134,30
xx:xx:xx:xx:xx:xx,24-06-25 14:01,0:29:33,2991,74
xx:xx:xx:xx:xx:xx,24-06-25 13:31,0:29:39,1501,38
xx:xx:xx:xx:xx:xx,24-06-25 13:02,0:30:21,1464,45
xx:xx:xx:xx:xx:xx,24-06-25 12:31,0:30:06,1480,54
xx:xx:xx:xx:xx:xx,24-06-25 12:01,0:32:09,456,21
xx:xx:xx:xx:xx:xx,24-06-25 11:29,0:29:35,1699,70
xx:xx:xx:xx:xx:xx,24-06-25 10:59,0:30:20,725,40
xx:xx:xx:xx:xx:xx,24-06-25 10:29,0:30:37,978,131
xx:xx:xx:xx:xx:xx,24-06-25 9:58,0:27:34,732,24
xx:xx:xx:xx:xx:xx,24-06-25 9:31,0:30:00,732,23
xx:xx:xx:xx:xx:xx,24-06-25 9:01,0:30:21,697,20
xx:xx:xx:xx:xx:xx,24-06-25 8:30,0:28:19,304,16
xx:xx:xx:xx:xx:xx,24-06-25 8:02,0:27:31,338,20
xx:xx:xx:xx:xx:xx,24-06-25 7:35,0:30:34,7226,169
xx:xx:xx:xx:xx:xx,24-06-25 7:04,0:29:05,3823,163
xx:xx:xx:xx:xx:xx,24-06-25 6:35,0:30:50,143,11
xx:xx:xx:xx:xx:xx,24-06-25 6:04,0:31:20,5,2
xx:xx:xx:xx:xx:xx,24-06-25 5:33,0:32:02,14,2
xx:xx:xx:xx:xx:xx,24-06-25 5:00,0:21:53,109,2
xx:xx:xx:xx:xx:xx,24-06-25 4:38,0:27:39,90,2
xx:xx:xx:xx:xx:xx,24-06-25 4:10,0:28:59,179,4
xx:xx:xx:xx:xx:xx,24-06-25 3:41,0:29:53,245,6
xx:xx:xx:xx:xx:xx,24-06-25 3:11,0:27:27,1,1
xx:xx:xx:xx:xx:xx,24-06-25 2:44,0:27:34,10,1
xx:xx:xx:xx:xx:xx,24-06-25 2:16,0:27:37,11,1
xx:xx:xx:xx:xx:xx,24-06-25 1:48,0:31:19,4,2
xx:xx:xx:xx:xx:xx,24-06-25 1:17,0:31:40,1,1
xx:xx:xx:xx:xx:xx,24-06-25 0:46,0:32:12,1,1
xx:xx:xx:xx:xx:xx,24-06-25 0:13,0:30:39,7,1
xx:xx:xx:xx:xx:xx,23-06-25 23:43,0:32:13,175,14
xx:xx:xx:xx:xx:xx,23-06-25 23:10,0:31:33,746,29
xx:xx:xx:xx:xx:xx,23-06-25 22:39,0:55:58,1991,85
xx:xx:xx:xx:xx:xx,23-06-25 21:43,0:32:55,437,30
xx:xx:xx:xx:xx:xx,23-06-25 21:10,0:29:40,905,253
xx:xx:xx:xx:xx:xx,23-06-25 20:40,0:29:45,1088,43
xx:xx:xx:xx:xx:xx,23-06-25 20:11,0:31:39,1893,64
xx:xx:xx:xx:xx:xx,23-06-25 19:39,0:29:51,1383,49
xx:xx:xx:xx:xx:xx,23-06-25 19:09,0:31:53,920,3254
xx:xx:xx:xx:xx:xx,23-06-25 18:37,0:28:21,1051,729
xx:xx:xx:xx:xx:xx,23-06-25 18:09,0:28:40,1027,57
xx:xx:xx:xx:xx:xx,23-06-25 17:40,0:29:23,712,27
xx:xx:xx:xx:xx:xx,23-06-25 17:11,0:31:25,850,41
xx:xx:xx:xx:xx:xx,23-06-25 16:39,0:32:39,721,42
xx:xx:xx:xx:xx:xx,23-06-25 16:07,0:27:05,492,14
xx:xx:xx:xx:xx:xx,23-06-25 15:40,0:29:36,263,10
xx:xx:xx:xx:xx:xx,23-06-25 15:10,0:27:53,592,30
xx:xx:xx:xx:xx:xx,23-06-25 15:10,0:00:00,0,0
xx:xx:xx:xx:xx:xx,23-06-25 14:42,0:32:19,890,38
xx:xx:xx:xx:xx:xx,23-06-25 14:42,0:00:00,0,0
xx:xx:xx:xx:xx:xx,23-06-25 14:10,0:28:28,399,17
xx:xx:xx:xx:xx:xx,23-06-25 13:41,0:32:06,3465,197
xx:xx:xx:xx:xx:xx,23-06-25 13:09,0:29:20,535,8171
xx:xx:xx:xx:xx:xx,23-06-25 12:40,0:27:01,607,3682
xx:xx:xx:xx:xx:xx,23-06-25 12:13,0:28:08,2293,134
xx:xx:xx:xx:xx:xx,23-06-25 11:45,0:32:56,6242,384
xx:xx:xx:xx:xx:xx,23-06-25 11:12,0:32:39,1156,32
xx:xx:xx:xx:xx:xx,23-06-25 10:39,0:31:39,1530,42
xx:xx:xx:xx:xx:xx,23-06-25 10:08,0:30:01,2157,84
xx:xx:xx:xx:xx:xx,23-06-25 9:38,0:32:09,1766,50
xx:xx:xx:xx:xx:xx,23-06-25 9:05,0:32:57,1195,37
xx:xx:xx:xx:xx:xx,23-06-25 8:32,0:27:45,1728,63
xx:xx:xx:xx:xx:xx,23-06-25 8:05,0:30:58,1286,34
xx:xx:xx:xx:xx:xx,23-06-25 7:34,0:32:51,282,18
xx:xx:xx:xx:xx:xx,23-06-25 7:01,0:30:56,98,9
xx:xx:xx:xx:xx:xx,23-06-25 6:30,0:28:29,889,684
xx:xx:xx:xx:xx:xx,23-06-25 6:01,0:28:22,3429,224
xx:xx:xx:xx:xx:xx,23-06-25 5:33,0:30:12,22,4
xx:xx:xx:xx:xx:xx,23-06-25 5:00,0:13:13,23,2
xx:xx:xx:xx:xx:xx,23-06-25 4:46,0:27:02,161,7
xx:xx:xx:xx:xx:xx,23-06-25 4:19,0:31:17,261,11
xx:xx:xx:xx:xx:xx,23-06-25 3:48,0:28:38,1,1
xx:xx:xx:xx:xx:xx,23-06-25 3:19,0:28:56,1,1
xx:xx:xx:xx:xx:xx,23-06-25 2:50,0:28:20,2,1
xx:xx:xx:xx:xx:xx,23-06-25 2:22,0:29:53,11,2
xx:xx:xx:xx:xx:xx,23-06-25 1:52,0:31:20,36,2
xx:xx:xx:xx:xx:xx,23-06-25 1:21,0:27:54,1,1
xx:xx:xx:xx:xx:xx,23-06-25 0:53,0:30:39,1,1
xx:xx:xx:xx:xx:xx,23-06-25 0:22,0:27:50,2,1
xx:xx:xx:xx:xx:xx,22-06-25 23:54,0:32:38,4033,243
xx:xx:xx:xx:xx:xx,22-06-25 23:22,0:27:11,2810,68
xx:xx:xx:xx:xx:xx,22-06-25 22:55,0:31:37,2928,54
xx:xx:xx:xx:xx:xx,22-06-25 22:23,0:28:47,667,36
xx:xx:xx:xx:xx:xx,22-06-25 21:54,0:27:50,796,36
xx:xx:xx:xx:xx:xx,22-06-25 21:26,0:32:15,625,24
xx:xx:xx:xx:xx:xx,22-06-25 20:54,0:31:12,566,19
xx:xx:xx:xx:xx:xx,22-06-25 20:23,0:29:36,737,28
xx:xx:xx:xx:xx:xx,22-06-25 19:53,0:31:17,747,21
xx:xx:xx:xx:xx:xx,22-06-25 19:22,0:32:58,559,20
xx:xx:xx:xx:xx:xx,22-06-25 18:49,0:27:41,413,13
xx:xx:xx:xx:xx:xx,22-06-25 18:21,0:31:37,917,38
xx:xx:xx:xx:xx:xx,22-06-25 17:50,0:27:48,1717,38
xx:xx:xx:xx:xx:xx,22-06-25 17:22,0:27:27,343,15
xx:xx:xx:xx:xx:xx,22-06-25 16:55,0:30:06,67,14
xx:xx:xx:xx:xx:xx,22-06-25 16:24,0:29:12,47,11
xx:xx:xx:xx:xx:xx,22-06-25 15:55,0:28:27,172,12
xx:xx:xx:xx:xx:xx,22-06-25 15:27,0:29:31,444,13
xx:xx:xx:xx:xx:xx,22-06-25 14:57,0:29:01,208,17
xx:xx:xx:xx:xx:xx,22-06-25 14:28,0:30:43,540,23
xx:xx:xx:xx:xx:xx,22-06-25 13:58,0:32:33,169,13
xx:xx:xx:xx:xx:xx,22-06-25 13:25,0:27:06,98,9
xx:xx:xx:xx:xx:xx,22-06-25 12:58,0:30:29,1540,55
xx:xx:xx:xx:xx:xx,22-06-25 12:27,0:29:53,767,32
xx:xx:xx:xx:xx:xx,22-06-25 11:58,0:30:39,671,23
xx:xx:xx:xx:xx:xx,22-06-25 11:27,0:28:34,772,19
xx:xx:xx:xx:xx:xx,22-06-25 10:58,0:27:42,275,14
xx:xx:xx:xx:xx:xx,22-06-25 10:31,0:27:40,92,8
xx:xx:xx:xx:xx:xx,22-06-25 10:03,0:30:14,305,18
xx:xx:xx:xx:xx:xx,22-06-25 9:33,0:32:33,46,9
xx:xx:xx:xx:xx:xx,22-06-25 9:00,0:27:03,63,6
xx:xx:xx:xx:xx:xx,22-06-25 8:33,0:30:00,344,15
xx:xx:xx:xx:xx:xx,22-06-25 8:03,0:29:41,148,13
xx:xx:xx:xx:xx:xx,22-06-25 7:33,0:31:07,248,14
xx:xx:xx:xx:xx:xx,22-06-25 7:02,0:27:24,451,14
xx:xx:xx:xx:xx:xx,22-06-25 6:35,0:29:23,8,4
xx:xx:xx:xx:xx:xx,22-06-25 6:06,0:32:25,5,2
xx:xx:xx:xx:xx:xx,22-06-25 5:33,0:31:33,4,2
xx:xx:xx:xx:xx:xx,22-06-25 5:00,0:20:53,220,11
xx:xx:xx:xx:xx:xx,22-06-25 4:39,0:32:00,1,1
xx:xx:xx:xx:xx:xx,22-06-25 4:07,0:30:21,2,2
xx:xx:xx:xx:xx:xx,22-06-25 3:36,0:30:33,4,3
xx:xx:xx:xx:xx:xx,22-06-25 3:06,0:28:56,34,1
xx:xx:xx:xx:xx:xx,22-06-25 2:37,0:27:31,1,1
xx:xx:xx:xx:xx:xx,22-06-25 2:09,0:29:32,173,4
xx:xx:xx:xx:xx:xx,22-06-25 1:40,0:27:05,2,1
xx:xx:xx:xx:xx:xx,22-06-25 1:13,0:27:36,178,6
xx:xx:xx:xx:xx:xx,22-06-25 0:45,0:29:29,347,12
xx:xx:xx:xx:xx:xx,22-06-25 0:16,0:28:55,343,8
xx:xx:xx:xx:xx:xx,21-06-25 23:47,0:31:03,304,12
xx:xx:xx:xx:xx:xx,21-06-25 23:16,0:31:47,681,33
xx:xx:xx:xx:xx:xx,21-06-25 22:44,0:28:25,4576,369
xx:xx:xx:xx:xx:xx,21-06-25 22:15,0:29:02,396,22
xx:xx:xx:xx:xx:xx,21-06-25 21:46,0:27:52,1387,53
xx:xx:xx:xx:xx:xx,21-06-25 21:19,0:30:25,672,34
xx:xx:xx:xx:xx:xx,21-06-25 20:48,0:28:03,471,26
xx:xx:xx:xx:xx:xx,21-06-25 20:20,0:31:10,137,8
xx:xx:xx:xx:xx:xx,21-06-25 19:49,0:29:37,109,6
xx:xx:xx:xx:xx:xx,21-06-25 19:19,0:32:24,1402,28
xx:xx:xx:xx:xx:xx,21-06-25 18:47,0:28:10,12995,204
xx:xx:xx:xx:xx:xx,21-06-25 18:19,0:32:00,11053,146
xx:xx:xx:xx:xx:xx,21-06-25 17:47,0:27:43,569,19
xx:xx:xx:xx:xx:xx,21-06-25 17:19,0:27:30,1384,51
xx:xx:xx:xx:xx:xx,21-06-25 16:51,0:32:12,919,28
xx:xx:xx:xx:xx:xx,21-06-25 16:19,0:32:44,1610,39
xx:xx:xx:xx:xx:xx,21-06-25 15:47,0:29:11,608,29
xx:xx:xx:xx:xx:xx,21-06-25 15:17,0:31:15,73,20
xx:xx:xx:xx:xx:xx,21-06-25 14:46,0:29:54,440,28
xx:xx:xx:xx:xx:xx,21-06-25 14:16,0:30:16,222,14
xx:xx:xx:xx:xx:xx,21-06-25 13:46,0:31:52,236,22
xx:xx:xx:xx:xx:xx,21-06-25 13:14,0:32:32,92,8
xx:xx:xx:xx:xx:xx,21-06-25 12:42,0:31:03,1105,36
xx:xx:xx:xx:xx:xx,21-06-25 12:10,0:30:45,9338,270
xx:xx:xx:xx:xx:xx,21-06-25 11:40,0:31:28,5873,292
xx:xx:xx:xx:xx:xx,21-06-25 11:08,0:29:07,1392,27
xx:xx:xx:xx:xx:xx,21-06-25 10:39,0:30:41,914,18
xx:xx:xx:xx:xx:xx,21-06-25 10:08,0:31:27,736,18
xx:xx:xx:xx:xx:xx,21-06-25 9:37,0:31:26,1007,30
xx:xx:xx:xx:xx:xx,21-06-25 9:06,0:29:51,352,14
xx:xx:xx:xx:xx:xx,21-06-25 8:36,0:32:21,220,11
xx:xx:xx:xx:xx:xx,21-06-25 8:03,0:28:11,189,7
xx:xx:xx:xx:xx:xx,21-06-25 7:35,0:29:20,374,13
xx:xx:xx:xx:xx:xx,21-06-25 7:06,0:31:25,250,15
xx:xx:xx:xx:xx:xx,21-06-25 6:34,0:30:14,150,8
xx:xx:xx:xx:xx:xx,21-06-25 6:04,0:30:22,25,3
xx:xx:xx:xx:xx:xx,21-06-25 5:34,0:30:55,6,2
xx:xx:xx:xx:xx:xx,21-06-25 5:00,0:19:09,0,0
xx:xx:xx:xx:xx:xx,21-06-25 4:40,0:30:41,1,0
xx:xx:xx:xx:xx:xx,21-06-25 4:10,0:32:49,8,2
xx:xx:xx:xx:xx:xx,21-06-25 3:37,0:27:31,1,0
xx:xx:xx:xx:xx:xx,21-06-25 3:09,0:32:41,1,0
xx:xx:xx:xx:xx:xx,21-06-25 2:37,0:32:03,0,0
xx:xx:xx:xx:xx:xx,21-06-25 2:05,0:30:35,1,1
xx:xx:xx:xx:xx:xx,21-06-25 1:34,0:28:03,127,12
xx:xx:xx:xx:xx:xx,21-06-25 1:06,0:31:27,1303,57
xx:xx:xx:xx:xx:xx,21-06-25 0:35,0:30:35,3644,97
xx:xx:xx:xx:xx:xx,21-06-25 0:04,0:30:36,1038,35
xx:xx:xx:xx:xx:xx,20-06-25 23:33,0:29:21,376,27
xx:xx:xx:xx:xx:xx,20-06-25 23:04,0:30:03,917,58
xx:xx:xx:xx:xx:xx,20-06-25 22:34,0:31:43,801,64
xx:xx:xx:xx:xx:xx,20-06-25 22:02,0:27:26,678,71
xx:xx:xx:xx:xx:xx,20-06-25 21:35,0:29:25,430,53
xx:xx:xx:xx:xx:xx,20-06-25 21:05,0:27:53,214,19
xx:xx:xx:xx:xx:xx,20-06-25 20:38,0:30:19,145,13
xx:xx:xx:xx:xx:xx,20-06-25 20:07,0:31:10,229,17
xx:xx:xx:xx:xx:xx,20-06-25 19:36,0:30:29,137,20
xx:xx:xx:xx:xx:xx,20-06-25 19:06,0:28:39,368,22
xx:xx:xx:xx:xx:xx,20-06-25 18:37,0:27:39,218,12
xx:xx:xx:xx:xx:xx,20-06-25 18:09,0:32:27,157,19
xx:xx:xx:xx:xx:xx,20-06-25 17:37,0:29:30,180,10
xx:xx:xx:xx:xx:xx,20-06-25 17:07,0:30:59,215,14
xx:xx:xx:xx:xx:xx,20-06-25 16:36,0:29:19,4581,167
xx:xx:xx:xx:xx:xx,20-06-25 16:07,0:28:24,2014,69
xx:xx:xx:xx:xx:xx,20-06-25 15:39,0:29:25,888,48
xx:xx:xx:xx:xx:xx,20-06-25 15:09,0:33:00,933,43
xx:xx:xx:xx:xx:xx,20-06-25 14:36,0:28:11,234,21
xx:xx:xx:xx:xx:xx,20-06-25 14:08,0:31:46,579,28
xx:xx:xx:xx:xx:xx,20-06-25 13:36,0:28:50,436,28
xx:xx:xx:xx:xx:xx,20-06-25 13:07,0:31:11,641,38
xx:xx:xx:xx:xx:xx,20-06-25 12:36,0:32:04,393,38
xx:xx:xx:xx:xx:xx,20-06-25 12:04,0:29:01,91,13
xx:xx:xx:xx:xx:xx,20-06-25 11:35,0:30:57,119,13
xx:xx:xx:xx:xx:xx,20-06-25 11:04,0:30:24,293,14
xx:xx:xx:xx:xx:xx,20-06-25 10:34,0:29:51,381,17
xx:xx:xx:xx:xx:xx,20-06-25 10:04,0:30:18,322,18
xx:xx:xx:xx:xx:xx,20-06-25 9:34,0:30:28,353,19
xx:xx:xx:xx:xx:xx,20-06-25 9:03,0:29:50,633,13
xx:xx:xx:xx:xx:xx,20-06-25 8:33,0:27:59,228,10
xx:xx:xx:xx:xx:xx,20-06-25 8:05,0:27:01,330,16
xx:xx:xx:xx:xx:xx,20-06-25 7:38,0:30:41,189,8
xx:xx:xx:xx:xx:xx,20-06-25 7:08,0:30:50,164,10
xx:xx:xx:xx:xx:xx,20-06-25 6:37,0:32:53,137,4
xx:xx:xx:xx:xx:xx,20-06-25 6:04,0:32:27,73,9
xx:xx:xx:xx:xx:xx,20-06-25 5:31,0:28:30,86,6
xx:xx:xx:xx:xx:xx,20-06-25 5:00,0:18:28,1,1
xx:xx:xx:xx:xx:xx,20-06-25 4:41,0:29:04,1,1
xx:xx:xx:xx:xx:xx,20-06-25 4:12,0:27:02,2,1
xx:xx:xx:xx:xx:xx,20-06-25 3:45,0:28:51,83,6
xx:xx:xx:xx:xx:xx,20-06-25 3:16,0:31:32,119,5
xx:xx:xx:xx:xx:xx,20-06-25 2:45,0:28:20,3,2
xx:xx:xx:xx:xx:xx,20-06-25 2:16,0:27:11,1,1
xx:xx:xx:xx:xx:xx,20-06-25 1:49,0:32:34,132,4
xx:xx:xx:xx:xx:xx,20-06-25 1:16,0:30:28,1,1
xx:xx:xx:xx:xx:xx,20-06-25 0:46,0:29:01,32,4
xx:xx:xx:xx:xx:xx,20-06-25 0:17,0:32:04,197,5
xx:xx:xx:xx:xx:xx,19-06-25 23:45,0:29:16,91,7
xx:xx:xx:xx:xx:xx,19-06-25 23:16,0:30:37,69,8
xx:xx:xx:xx:xx:xx,19-06-25 22:45,0:27:50,465,21
xx:xx:xx:xx:xx:xx,19-06-25 22:17,0:30:51,506,45
xx:xx:xx:xx:xx:xx,19-06-25 21:46,0:29:09,446,54
xx:xx:xx:xx:xx:xx,19-06-25 21:17,0:28:42,731,51
xx:xx:xx:xx:xx:xx,19-06-25 20:49,0:31:59,777,24
xx:xx:xx:xx:xx:xx,19-06-25 20:17,0:28:57,1214,36
xx:xx:xx:xx:xx:xx,19-06-25 19:48,0:27:16,575,21
xx:xx:xx:xx:xx:xx,19-06-25 19:20,0:27:33,281,46
xx:xx:xx:xx:xx:xx,19-06-25 18:53,0:27:58,349,29
xx:xx:xx:xx:xx:xx,19-06-25 18:25,0:32:03,697,187
xx:xx:xx:xx:xx:xx,19-06-25 17:53,0:28:38,888,646
xx:xx:xx:xx:xx:xx,19-06-25 17:24,0:31:49,771,206
xx:xx:xx:xx:xx:xx,19-06-25 16:52,0:27:48,478,27
xx:xx:xx:xx:xx:xx,19-06-25 16:24,0:28:37,1110,42
xx:xx:xx:xx:xx:xx,19-06-25 15:56,0:31:17,1548,56
xx:xx:xx:xx:xx:xx,19-06-25 15:25,0:32:57,353,51
xx:xx:xx:xx:xx:xx,19-06-25 14:52,0:32:36,883,38
xx:xx:xx:xx:xx:xx,19-06-25 14:19,0:31:38,286,19
xx:xx:xx:xx:xx:xx,19-06-25 13:47,0:28:40,367,16
xx:xx:xx:xx:xx:xx,19-06-25 13:19,0:31:52,538,43
xx:xx:xx:xx:xx:xx,19-06-25 12:47,0:30:50,80,30
xx:xx:xx:xx:xx:xx,19-06-25 12:16,0:29:47,524,41
xx:xx:xx:xx:xx:xx,19-06-25 11:46,0:28:06,2431,65
xx:xx:xx:xx:xx:xx,19-06-25 11:18,0:30:21,395,35
xx:xx:xx:xx:xx:xx,19-06-25 10:48,0:28:20,964,259
xx:xx:xx:xx:xx:xx,19-06-25 10:19,0:28:08,434,119
xx:xx:xx:xx:xx:xx,19-06-25 9:51,0:27:11,230,29
xx:xx:xx:xx:xx:xx,19-06-25 9:24,0:28:47,402,29
xx:xx:xx:xx:xx:xx,19-06-25 8:55,0:27:43,190,29
xx:xx:xx:xx:xx:xx,19-06-25 8:28,0:29:03,126,20
xx:xx:xx:xx:xx:xx,19-06-25 7:59,0:32:08,524,181
xx:xx:xx:xx:xx:xx,19-06-25 7:26,0:27:22,478,45
xx:xx:xx:xx:xx:xx,19-06-25 6:59,0:31:30,716,40
xx:xx:xx:xx:xx:xx,19-06-25 6:28,0:27:19,362,30
xx:xx:xx:xx:xx:xx,19-06-25 6:00,0:29:38,660,57
xx:xx:xx:xx:xx:xx,19-06-25 5:31,0:27:49,406,40
xx:xx:xx:xx:xx:xx,19-06-25 5:00,0:11:32,110,8
xx:xx:xx:xx:xx:xx,19-06-25 4:48,0:30:26,705,28
xx:xx:xx:xx:xx:xx,19-06-25 4:15,0:22:55,364,25
xx:xx:xx:xx:xx:xx,19-06-25 3:52,0:27:45,3799,142
xx:xx:xx:xx:xx:xx,19-06-25 3:24,0:31:56,2282,37
xx:xx:xx:xx:xx:xx,19-06-25 2:52,0:31:31,1042,23
xx:xx:xx:xx:xx:xx,19-06-25 2:21,0:31:59,327,11
xx:xx:xx:xx:xx:xx,19-06-25 1:49,0:28:31,2,1
xx:xx:xx:xx:xx:xx,19-06-25 1:20,0:29:35,5,1
xx:xx:xx:xx:xx:xx,19-06-25 0:51,0:27:28,6,1
xx:xx:xx:xx:xx:xx,19-06-25 0:23,0:28:15,73,3
xx:xx:xx:xx:xx:xx,18-06-25 23:55,0:28:26,496,19
xx:xx:xx:xx:xx:xx,18-06-25 23:26,0:31:35,715,28
xx:xx:xx:xx:xx:xx,18-06-25 22:55,0:30:36,282,72
xx:xx:xx:xx:xx:xx,18-06-25 22:24,0:30:16,131,5
xx:xx:xx:xx:xx:xx,18-06-25 21:54,0:32:41,67,7
xx:xx:xx:xx:xx:xx,18-06-25 21:21,0:31:02,44,9
xx:xx:xx:xx:xx:xx,18-06-25 20:50,0:27:13,85,4
xx:xx:xx:xx:xx:xx,18-06-25 20:23,0:28:39,57,3
xx:xx:xx:xx:xx:xx,18-06-25 19:54,0:27:48,382,21
xx:xx:xx:xx:xx:xx,18-06-25 19:27,0:31:39,355,50
xx:xx:xx:xx:xx:xx,18-06-25 18:52,0:01:33,4,1
xx:xx:xx:xx:xx:xx,18-06-25 18:51,0:30:26,262,16
xx:xx:xx:xx:xx:xx,18-06-25 18:20,0:32:43,368,30
xx:xx:xx:xx:xx:xx,18-06-25 17:48,0:27:45,144,8
xx:xx:xx:xx:xx:xx,18-06-25 17:20,0:29:38,899,25
xx:xx:xx:xx:xx:xx,18-06-25 16:50,0:27:33,1305,45
xx:xx:xx:xx:xx:xx,18-06-25 16:23,0:30:13,585,51
xx:xx:xx:xx:xx:xx,18-06-25 15:53,0:27:07,534,70
xx:xx:xx:xx:xx:xx,18-06-25 15:25,0:32:45,12370,242
xx:xx:xx:xx:xx:xx,18-06-25 14:53,0:28:47,4181,94
xx:xx:xx:xx:xx:xx,18-06-25 14:24,0:27:57,158,14
xx:xx:xx:xx:xx:xx,18-06-25 13:56,0:32:17,1199,29
xx:xx:xx:xx:xx:xx,18-06-25 13:24,0:29:36,894,23
xx:xx:xx:xx:xx:xx,18-06-25 12:54,0:28:13,559,24
xx:xx:xx:xx:xx:xx,18-06-25 12:26,0:27:29,333,19
xx:xx:xx:xx:xx:xx,18-06-25 11:58,0:29:43,1624,42
xx:xx:xx:xx:xx:xx,18-06-25 11:29,0:28:32,571,22
xx:xx:xx:xx:xx:xx,18-06-25 11:00,0:29:19,885,684
xx:xx:xx:xx:xx:xx,18-06-25 10:31,0:29:18,397,261
xx:xx:xx:xx:xx:xx,18-06-25 10:02,0:29:10,254,205
xx:xx:xx:xx:xx:xx,18-06-25 9:32,0:32:24,339,16
xx:xx:xx:xx:xx:xx,18-06-25 9:00,0:30:06,507,389
xx:xx:xx:xx:xx:xx,18-06-25 8:30,0:29:07,1253,44
xx:xx:xx:xx:xx:xx,18-06-25 8:01,0:32:46,825,31
xx:xx:xx:xx:xx:xx,18-06-25 7:28,0:27:34,283,14
xx:xx:xx:xx:xx:xx,18-06-25 7:00,0:27:00,257,11
xx:xx:xx:xx:xx:xx,18-06-25 6:33,0:32:31,117,7
xx:xx:xx:xx:xx:xx,18-06-25 6:01,0:27:34,24,4
xx:xx:xx:xx:xx:xx,18-06-25 5:33,0:32:58,12,2
xx:xx:xx:xx:xx:xx,18-06-25 5:00,0:22:03,7,2
xx:xx:xx:xx:xx:xx,18-06-25 4:37,0:30:56,274,12
xx:xx:xx:xx:xx:xx,18-06-25 4:07,0:32:24,449,19
xx:xx:xx:xx:xx:xx,18-06-25 3:34,0:27:54,10,2
xx:xx:xx:xx:xx:xx,18-06-25 3:06,0:31:37,8,4
xx:xx:xx:xx:xx:xx,18-06-25 2:35,0:27:58,5,1
xx:xx:xx:xx:xx:xx,18-06-25 2:07,0:28:31,2,1
xx:xx:xx:xx:xx:xx,18-06-25 1:38,0:31:45,155,9
xx:xx:xx:xx:xx:xx,18-06-25 1:06,0:27:17,3,2
xx:xx:xx:xx:xx:xx,18-06-25 0:39,0:29:59,299,5
xx:xx:xx:xx:xx:xx,18-06-25 0:09,0:28:28,239,10
xx:xx:xx:xx:xx:xx,17-06-25 23:41,0:28:07,679,22
xx:xx:xx:xx:xx:xx,17-06-25 23:13,0:30:53,494,23
xx:xx:xx:xx:xx:xx,17-06-25 22:42,0:30:27,1139,37
xx:xx:xx:xx:xx:xx,17-06-25 22:11,0:30:47,946,44
xx:xx:xx:xx:xx:xx,17-06-25 21:40,0:27:48,1262,33
xx:xx:xx:xx:xx:xx,17-06-25 21:13,0:31:33,1168,49
xx:xx:xx:xx:xx:xx,17-06-25 20:41,0:30:43,751,21
xx:xx:xx:xx:xx:xx,17-06-25 20:10,0:30:35,786,29
xx:xx:xx:xx:xx:xx,17-06-25 19:40,0:29:54,312,13
xx:xx:xx:xx:xx:xx,17-06-25 19:10,0:31:58,9878,177
xx:xx:xx:xx:xx:xx,17-06-25 18:38,0:30:14,16805,308
xx:xx:xx:xx:xx:xx,17-06-25 18:08,0:30:04,16945,274
xx:xx:xx:xx:xx:xx,17-06-25 17:38,0:32:42,17611,252
xx:xx:xx:xx:xx:xx,17-06-25 17:05,0:32:35,18388,427
xx:xx:xx:xx:xx:xx,17-06-25 16:32,0:28:10,6662,706
xx:xx:xx:xx:xx:xx,17-06-25 16:04,0:30:17,557,48
xx:xx:xx:xx:xx:xx,17-06-25 15:34,0:31:43,984,139
xx:xx:xx:xx:xx:xx,17-06-25 15:02,0:29:03,947,30
xx:xx:xx:xx:xx:xx,17-06-25 14:33,0:30:14,1152,38
xx:xx:xx:xx:xx:xx,17-06-25 14:03,0:28:16,139,10
xx:xx:xx:xx:xx:xx,17-06-25 13:35,0:30:57,339,46
xx:xx:xx:xx:xx:xx,17-06-25 13:04,0:32:07,782,32
xx:xx:xx:xx:xx:xx,17-06-25 12:32,0:29:50,776,28
xx:xx:xx:xx:xx:xx,17-06-25 12:02,0:31:52,1404,37
xx:xx:xx:xx:xx:xx,17-06-25 11:30,0:27:05,890,34
xx:xx:xx:xx:xx:xx,17-06-25 11:03,0:29:59,491,26
xx:xx:xx:xx:xx:xx,17-06-25 10:33,0:31:14,111,13
xx:xx:xx:xx:xx:xx,17-06-25 10:02,0:31:02,128,15
xx:xx:xx:xx:xx:xx,17-06-25 9:31,0:28:00,224,34
xx:xx:xx:xx:xx:xx,17-06-25 9:03,0:28:17,322,52
xx:xx:xx:xx:xx:xx,17-06-25 8:34,0:29:40,615,149
xx:xx:xx:xx:xx:xx,17-06-25 8:05,0:27:02,167,18
xx:xx:xx:xx:xx:xx,17-06-25 7:38,0:30:51,299,14
xx:xx:xx:xx:xx:xx,17-06-25 7:07,0:29:51,145,7
xx:xx:xx:xx:xx:xx,17-06-25 6:37,0:29:38,9,4
xx:xx:xx:xx:xx:xx,17-06-25 6:07,0:32:28,17,6
xx:xx:xx:xx:xx:xx,17-06-25 5:35,0:31:53,17,4
xx:xx:xx:xx:xx:xx,17-06-25 5:00,0:24:39,4,1
xx:xx:xx:xx:xx:xx,17-06-25 4:35,0:31:13,1,1
xx:xx:xx:xx:xx:xx,17-06-25 4:04,0:29:13,2,1
xx:xx:xx:xx:xx:xx,17-06-25 3:34,0:28:07,2,2
xx:xx:xx:xx:xx:xx,17-06-25 3:06,0:29:47,5,1
xx:xx:xx:xx:xx:xx,17-06-25 2:37,0:30:48,239,5
xx:xx:xx:xx:xx:xx,17-06-25 2:06,0:32:49,612,10
xx:xx:xx:xx:xx:xx,17-06-25 1:33,0:27:57,18,3
xx:xx:xx:xx:xx:xx,17-06-25 1:05,0:29:35,9,3
xx:xx:xx:xx:xx:xx,17-06-25 0:35,0:32:26,4,3
xx:xx:xx:xx:xx:xx,17-06-25 0:03,0:30:22,5,3
xx:xx:xx:xx:xx:xx,16-06-25 23:33,0:27:44,1099,50
xx:xx:xx:xx:xx:xx,16-06-25 23:05,0:29:16,849,144
xx:xx:xx:xx:xx:xx,16-06-25 22:36,0:31:15,944,44
xx:xx:xx:xx:xx:xx,16-06-25 22:04,0:31:00,512,112
xx:xx:xx:xx:xx:xx,16-06-25 21:33,0:29:44,762,24
xx:xx:xx:xx:xx:xx,16-06-25 21:04,0:29:39,131,11
xx:xx:xx:xx:xx:xx,16-06-25 20:34,0:27:23,305,20
xx:xx:xx:xx:xx:xx,16-06-25 20:07,0:32:27,521,154
xx:xx:xx:xx:xx:xx,16-06-25 19:34,0:29:35,331,22
xx:xx:xx:xx:xx:xx,16-06-25 19:05,0:28:10,172,11
xx:xx:xx:xx:xx:xx,16-06-25 18:36,0:28:07,12,8
xx:xx:xx:xx:xx:xx,16-06-25 18:08,0:32:43,106,4
xx:xx:xx:xx:xx:xx,16-06-25 17:36,0:30:37,468,58
xx:xx:xx:xx:xx:xx,16-06-25 17:05,0:28:13,1342,25
xx:xx:xx:xx:xx:xx,16-06-25 16:37,0:27:37,915,34
xx:xx:xx:xx:xx:xx,16-06-25 16:09,0:27:52,685,14
xx:xx:xx:xx:xx:xx,16-06-25 15:41,0:28:49,186,19
xx:xx:xx:xx:xx:xx,16-06-25 15:12,0:29:28,274,31
xx:xx:xx:xx:xx:xx,16-06-25 14:43,0:32:22,528,26
xx:xx:xx:xx:xx:xx,16-06-25 14:11,0:32:11,727,15
xx:xx:xx:xx:xx:xx,16-06-25 13:38,0:32:19,314,9
xx:xx:xx:xx:xx:xx,16-06-25 13:06,0:30:46,78,4
xx:xx:xx:xx:xx:xx,16-06-25 12:35,0:30:57,49,5
xx:xx:xx:xx:xx:xx,16-06-25 12:04,0:30:55,121,7
xx:xx:xx:xx:xx:xx,16-06-25 11:33,0:29:08,175,10
xx:xx:xx:xx:xx:xx,16-06-25 11:04,0:31:51,920,40
xx:xx:xx:xx:xx:xx,16-06-25 10:32,0:30:31,455,22
xx:xx:xx:xx:xx:xx,16-06-25 10:02,0:29:04,324,7
xx:xx:xx:xx:xx:xx,16-06-25 9:33,0:30:03,38,35
xx:xx:xx:xx:xx:xx,16-06-25 9:03,0:32:50,706,27
xx:xx:xx:xx:xx:xx,16-06-25 8:30,0:31:55,930,22
xx:xx:xx:xx:xx:xx,16-06-25 7:58,0:28:58,338,65
xx:xx:xx:xx:xx:xx,16-06-25 7:29,0:27:34,856,26
xx:xx:xx:xx:xx:xx,16-06-25 7:02,0:28:44,269,15
xx:xx:xx:xx:xx:xx,16-06-25 6:33,0:32:36,220,14
xx:xx:xx:xx:xx:xx,16-06-25 6:00,0:28:33,9,3
xx:xx:xx:xx:xx:xx,16-06-25 5:32,0:28:40,13,2
xx:xx:xx:xx:xx:xx,16-06-25 5:00,0:31:30,3,2
xx:xx:xx:xx:xx:xx,16-06-25 4:28,0:27:06,1,1
xx:xx:xx:xx:xx:xx,16-06-25 4:01,0:31:03,3,2
xx:xx:xx:xx:xx:xx,16-06-25 3:30,0:28:42,2,2
xx:xx:xx:xx:xx:xx,16-06-25 3:01,0:30:38,7,3
xx:xx:xx:xx:xx:xx,16-06-25 2:31,0:29:26,43,3
xx:xx:xx:xx:xx:xx,16-06-25 2:01,0:31:20,13,3
xx:xx:xx:xx:xx:xx,16-06-25 1:30,0:27:42,5,2
xx:xx:xx:xx:xx:xx,16-06-25 1:02,0:30:37,5,2
xx:xx:xx:xx:xx:xx,16-06-25 0:31,0:28:15,6,3
xx:xx:xx:xx:xx:xx,16-06-25 0:03,0:28:44,17,7
xx:xx:xx:xx:xx:xx,15-06-25 23:34,0:28:48,367,14
xx:xx:xx:xx:xx:xx,15-06-25 23:06,0:30:22,348,15
xx:xx:xx:xx:xx:xx,15-06-25 22:35,0:31:46,4963,114
xx:xx:xx:xx:xx:xx,15-06-25 22:04,0:28:56,1514,49
xx:xx:xx:xx:xx:xx,15-06-25 21:35,0:29:34,299,25
xx:xx:xx:xx:xx:xx,15-06-25 21:05,0:27:30,604,21
xx:xx:xx:xx:xx:xx,15-06-25 20:38,0:30:05,168,9
xx:xx:xx:xx:xx:xx,15-06-25 20:07,0:30:16,152,8
xx:xx:xx:xx:xx:xx,15-06-25 19:37,0:32:01,31,3
xx:xx:xx:xx:xx:xx,15-06-25 19:05,0:30:05,193,9
xx:xx:xx:xx:xx:xx,15-06-25 18:35,0:30:02,333,13
xx:xx:xx:xx:xx:xx,15-06-25 18:05,0:28:01,309,13
xx:xx:xx:xx:xx:xx,15-06-25 17:37,0:31:41,1058,39
xx:xx:xx:xx:xx:xx,15-06-25 17:05,0:32:22,1459,37
xx:xx:xx:xx:xx:xx,15-06-25 16:33,0:31:02,739,14
xx:xx:xx:xx:xx:xx,15-06-25 16:02,0:30:48,7223,100
xx:xx:xx:xx:xx:xx,15-06-25 15:31,0:30:55,1154,27
xx:xx:xx:xx:xx:xx,15-06-25 15:00,0:29:41,395,19
xx:xx:xx:xx:xx:xx,15-06-25 14:31,0:31:13,780,31
xx:xx:xx:xx:xx:xx,15-06-25 13:59,0:27:31,335,16
xx:xx:xx:xx:xx:xx,15-06-25 13:32,0:31:13,127,8
xx:xx:xx:xx:xx:xx,15-06-25 13:01,0:27:25,252,12
xx:xx:xx:xx:xx:xx,15-06-25 12:33,0:30:45,4934,95
xx:xx:xx:xx:xx:xx,15-06-25 12:02,0:27:30,907,279
xx:xx:xx:xx:xx:xx,15-06-25 11:35,0:28:02,611,23
xx:xx:xx:xx:xx:xx,15-06-25 11:07,0:28:01,753,31
xx:xx:xx:xx:xx:xx,15-06-25 10:39,0:30:15,858,28
xx:xx:xx:xx:xx:xx,15-06-25 10:09,0:27:50,423,20
xx:xx:xx:xx:xx:xx,15-06-25 9:41,0:32:04,309,68
xx:xx:xx:xx:xx:xx,15-06-25 9:09,0:27:58,386,15
xx:xx:xx:xx:xx:xx,15-06-25 8:41,0:30:06,300,15
xx:xx:xx:xx:xx:xx,15-06-25 8:11,0:29:35,237,6
xx:xx:xx:xx:xx:xx,15-06-25 7:41,0:31:32,376,12
xx:xx:xx:xx:xx:xx,15-06-25 7:10,0:32:06,252,13
xx:xx:xx:xx:xx:xx,15-06-25 6:37,0:30:01,259,7
xx:xx:xx:xx:xx:xx,15-06-25 6:07,0:32:54,154,7
xx:xx:xx:xx:xx:xx,15-06-25 5:35,0:31:34,180,7
xx:xx:xx:xx:xx:xx,15-06-25 5:00,0:18:41,49,3
xx:xx:xx:xx:xx:xx,15-06-25 4:41,0:31:05,79,4
xx:xx:xx:xx:xx:xx,15-06-25 4:10,0:27:05,72,3
xx:xx:xx:xx:xx:xx,15-06-25 3:43,0:28:21,146,5
xx:xx:xx:xx:xx:xx,15-06-25 3:14,0:29:58,14,3
xx:xx:xx:xx:xx:xx,15-06-25 2:44,0:31:04,101,2
xx:xx:xx:xx:xx:xx,15-06-25 2:13,0:59:24,3,3
xx:xx:xx:xx:xx:xx,15-06-25 1:14,0:29:20,17,1
xx:xx:xx:xx:xx:xx,15-06-25 0:45,0:32:33,138,5
xx:xx:xx:xx:xx:xx,15-06-25 0:12,0:30:12,343,11
xx:xx:xx:xx:xx:xx,14-06-25 23:42,0:30:02,464,14
xx:xx:xx:xx:xx:xx,14-06-25 23:12,0:29:45,974,28
xx:xx:xx:xx:xx:xx,14-06-25 22:42,0:27:33,713,31
xx:xx:xx:xx:xx:xx,14-06-25 22:14,0:32:54,490,83
xx:xx:xx:xx:xx:xx,14-06-25 21:42,0:27:18,1051,32
xx:xx:xx:xx:xx:xx,14-06-25 21:14,0:27:19,914,37
xx:xx:xx:xx:xx:xx,14-06-25 20:47,0:28:28,663,20
xx:xx:xx:xx:xx:xx,14-06-25 20:18,0:29:12,2657,78
xx:xx:xx:xx:xx:xx,14-06-25 19:49,0:27:53,1782,54
xx:xx:xx:xx:xx:xx,14-06-25 19:21,0:32:51,1503,48
xx:xx:xx:xx:xx:xx,14-06-25 18:49,0:31:27,441,17
xx:xx:xx:xx:xx:xx,14-06-25 18:17,0:29:56,1451,32
xx:xx:xx:xx:xx:xx,14-06-25 17:47,0:28:16,650,22
xx:xx:xx:xx:xx:xx,14-06-25 17:13,0:27:30,294,18
xx:xx:xx:xx:xx:xx,14-06-25 16:45,0:32:49,1421,31
xx:xx:xx:xx:xx:xx,14-06-25 16:13,0:27:24,3023,91
xx:xx:xx:xx:xx:xx,14-06-25 15:45,0:27:20,1593,52
xx:xx:xx:xx:xx:xx,14-06-25 15:18,0:29:32,872,37
xx:xx:xx:xx:xx:xx,14-06-25 14:48,0:31:11,831,38
xx:xx:xx:xx:xx:xx,14-06-25 14:17,0:30:59,406,22
xx:xx:xx:xx:xx:xx,14-06-25 13:46,0:32:45,1408,135
xx:xx:xx:xx:xx:xx,14-06-25 13:13,0:32:51,10101,141
xx:xx:xx:xx:xx:xx,14-06-25 12:40,0:29:57,613,28
xx:xx:xx:xx:xx:xx,14-06-25 12:11,0:30:31,748,22
xx:xx:xx:xx:xx:xx,14-06-25 11:40,0:30:37,343,16
xx:xx:xx:xx:xx:xx,14-06-25 11:09,0:31:54,921,64
xx:xx:xx:xx:xx:xx,14-06-25 10:38,0:29:11,258,47
xx:xx:xx:xx:xx:xx,14-06-25 10:08,0:31:03,433,17
xx:xx:xx:xx:xx:xx,14-06-25 9:37,0:30:48,232,9
xx:xx:xx:xx:xx:xx,14-06-25 9:06,0:28:03,136,4
xx:xx:xx:xx:xx:xx,14-06-25 8:38,0:32:59,195,9
xx:xx:xx:xx:xx:xx,14-06-25 8:05,0:31:57,179,21
xx:xx:xx:xx:xx:xx,14-06-25 7:33,0:32:00,500,24
xx:xx:xx:xx:xx:xx,14-06-25 7:01,0:30:44,430,21
xx:xx:xx:xx:xx:xx,14-06-25 6:31,0:28:12,247,11
xx:xx:xx:xx:xx:xx,14-06-25 6:03,0:27:03,10,3
xx:xx:xx:xx:xx:xx,14-06-25 5:36,0:32:36,2,1
xx:xx:xx:xx:xx:xx,14-06-25 5:00,0:12:18,2,1
xx:xx:xx:xx:xx:xx,14-06-25 4:47,0:32:29,4,2
xx:xx:xx:xx:xx:xx,14-06-25 4:15,0:31:31,1,1
xx:xx:xx:xx:xx:xx,14-06-25 3:43,0:32:24,14,3
xx:xx:xx:xx:xx:xx,14-06-25 3:11,0:32:20,9,3
xx:xx:xx:xx:xx:xx,14-06-25 2:38,0:27:05,7,1
xx:xx:xx:xx:xx:xx,14-06-25 2:11,0:32:45,5,1
xx:xx:xx:xx:xx:xx,14-06-25 1:39,0:27:33,750,29
xx:xx:xx:xx:xx:xx,14-06-25 1:11,0:30:15,442,15
xx:xx:xx:xx:xx:xx,14-06-25 0:41,0:28:50,396,13
xx:xx:xx:xx:xx:xx,14-06-25 0:12,0:29:33,879,29
xx:xx:xx:xx:xx:xx,13-06-25 23:42,0:30:00,1125,33
xx:xx:xx:xx:xx:xx,13-06-25 23:12,0:32:18,1304,34
xx:xx:xx:xx:xx:xx,13-06-25 22:40,0:31:15,1062,32
xx:xx:xx:xx:xx:xx,13-06-25 22:09,0:29:01,386,21
xx:xx:xx:xx:xx:xx,13-06-25 21:40,0:31:52,762,40
xx:xx:xx:xx:xx:xx,13-06-25 21:08,0:29:56,238,17
xx:xx:xx:xx:xx:xx,13-06-25 20:38,0:27:53,484,17
xx:xx:xx:xx:xx:xx,13-06-25 20:10,0:30:15,1279,36
xx:xx:xx:xx:xx:xx,13-06-25 19:40,0:29:06,3305,107
xx:xx:xx:xx:xx:xx,13-06-25 19:11,0:32:39,1197,34
xx:xx:xx:xx:xx:xx,13-06-25 18:38,0:31:40,1212,40
xx:xx:xx:xx:xx:xx,13-06-25 18:07,0:32:14,1455,48
xx:xx:xx:xx:xx:xx,13-06-25 17:34,0:28:03,1682,40
xx:xx:xx:xx:xx:xx,13-06-25 17:06,0:31:52,1776,45
xx:xx:xx:xx:xx:xx,13-06-25 16:34,0:29:01,821,27
xx:xx:xx:xx:xx:xx,13-06-25 16:05,0:31:44,197,14
xx:xx:xx:xx:xx:xx,13-06-25 15:34,0:27:18,789,21
xx:xx:xx:xx:xx:xx,13-06-25 15:06,0:30:16,450,16
xx:xx:xx:xx:xx:xx,13-06-25 14:36,0:30:10,382,54
xx:xx:xx:xx:xx:xx,13-06-25 14:06,0:29:23,443,34
xx:xx:xx:xx:xx:xx,13-06-25 13:37,0:32:25,177,12
xx:xx:xx:xx:xx:xx,13-06-25 13:04,0:30:34,361,36
xx:xx:xx:xx:xx:xx,13-06-25 12:34,0:29:25,23,13
xx:xx:xx:xx:xx:xx,13-06-25 12:04,0:27:27,66,8
xx:xx:xx:xx:xx:xx,13-06-25 11:37,0:28:46,102,11
xx:xx:xx:xx:xx:xx,13-06-25 11:08,0:31:48,72,13
xx:xx:xx:xx:xx:xx,13-06-25 10:36,0:28:04,4,4
xx:xx:xx:xx:xx:xx,13-06-25 10:08,0:29:22,16,5
xx:xx:xx:xx:xx:xx,13-06-25 9:39,0:28:44,96,6
xx:xx:xx:xx:xx:xx,13-06-25 9:10,0:32:05,229,8
xx:xx:xx:xx:xx:xx,13-06-25 8:38,0:32:32,226,44
xx:xx:xx:xx:xx:xx,13-06-25 8:05,0:32:30,177,17
xx:xx:xx:xx:xx:xx,13-06-25 7:33,0:29:31,240,12
xx:xx:xx:xx:xx:xx,13-06-25 7:03,0:29:31,70,15
xx:xx:xx:xx:xx:xx,13-06-25 6:34,0:30:02,146,7
xx:xx:xx:xx:xx:xx,13-06-25 6:04,0:30:48,23,3
xx:xx:xx:xx:xx:xx,13-06-25 5:33,0:30:06,3,2
xx:xx:xx:xx:xx:xx,13-06-25 5:00,0:11:28,65,3
xx:xx:xx:xx:xx:xx,13-06-25 4:48,0:31:38,4,3
xx:xx:xx:xx:xx:xx,13-06-25 4:16,0:32:25,24,4
xx:xx:xx:xx:xx:xx,13-06-25 3:44,0:29:00,18,2
xx:xx:xx:xx:xx:xx,13-06-25 3:15,0:29:00,173,4
xx:xx:xx:xx:xx:xx,13-06-25 2:46,0:28:30,123,7
xx:xx:xx:xx:xx:xx,13-06-25 2:18,0:30:02,23,1
xx:xx:xx:xx:xx:xx,13-06-25 1:47,0:28:54,10,1
xx:xx:xx:xx:xx:xx,13-06-25 1:19,0:28:08,54,3
xx:xx:xx:xx:xx:xx,13-06-25 0:50,0:32:18,7,1
xx:xx:xx:xx:xx:xx,13-06-25 0:18,0:27:01,37,2
xx:xx:xx:xx:xx:xx,12-06-25 23:51,0:31:17,29,5
xx:xx:xx:xx:xx:xx,12-06-25 23:20,0:30:41,221,6
xx:xx:xx:xx:xx:xx,12-06-25 22:49,0:30:57,1105,30
xx:xx:xx:xx:xx:xx,12-06-25 22:18,0:29:40,383,14
xx:xx:xx:xx:xx:xx,12-06-25 21:49,0:30:43,1152,38
xx:xx:xx:xx:xx:xx,12-06-25 21:18,0:28:19,560,24
xx:xx:xx:xx:xx:xx,12-06-25 20:50,0:31:21,145,7
xx:xx:xx:xx:xx:xx,12-06-25 20:18,0:30:19,526,106
xx:xx:xx:xx:xx:xx,12-06-25 19:45,0:07:40,153,5
xx:xx:xx:xx:xx:xx,12-06-25 19:37,0:30:07,496,16
xx:xx:xx:xx:xx:xx,12-06-25 19:07,0:29:47,135,13
xx:xx:xx:xx:xx:xx,12-06-25 18:37,0:30:20,204,12
xx:xx:xx:xx:xx:xx,12-06-25 18:07,0:28:18,557,64
xx:xx:xx:xx:xx:xx,12-06-25 17:38,0:31:04,789,47
xx:xx:xx:xx:xx:xx,12-06-25 17:07,0:29:34,465,15
xx:xx:xx:xx:xx:xx,12-06-25 16:38,0:29:43,404,12
xx:xx:xx:xx:xx:xx,12-06-25 16:08,0:31:16,1443,37
xx:xx:xx:xx:xx:xx,12-06-25 15:37,0:31:23,1684,53
xx:xx:xx:xx:xx:xx,12-06-25 15:05,0:28:57,1534,44
xx:xx:xx:xx:xx:xx,12-06-25 14:36,0:29:08,411,19
xx:xx:xx:xx:xx:xx,12-06-25 14:07,0:31:11,589,28
xx:xx:xx:xx:xx:xx,12-06-25 13:36,0:31:11,348,17
xx:xx:xx:xx:xx:xx,12-06-25 13:05,0:27:13,2625,62
xx:xx:xx:xx:xx:xx,12-06-25 12:38,0:32:25,790,32
xx:xx:xx:xx:xx:xx,12-06-25 12:05,0:27:30,587,25
xx:xx:xx:xx:xx:xx,12-06-25 11:38,0:27:51,313,16
xx:xx:xx:xx:xx:xx,12-06-25 11:07,0:23:53,931,22
xx:xx:xx:xx:xx:xx,12-06-25 10:43,0:28:17,266,14
xx:xx:xx:xx:xx:xx,12-06-25 10:15,0:28:29,170,10
xx:xx:xx:xx:xx:xx,12-06-25 9:46,0:27:20,69,5
xx:xx:xx:xx:xx:xx,12-06-25 9:19,0:27:14,8,3
xx:xx:xx:xx:xx:xx,12-06-25 8:49,0:18:35,103,8
xx:xx:xx:xx:xx:xx,12-06-25 8:30,0:31:20,461,23
xx:xx:xx:xx:xx:xx,12-06-25 7:59,0:29:51,452,25
xx:xx:xx:xx:xx:xx,12-06-25 7:29,0:30:24,41,6
xx:xx:xx:xx:xx:xx,12-06-25 6:59,0:29:21,73,9
xx:xx:xx:xx:xx:xx,12-06-25 6:27,0:22:51,51,3
xx:xx:xx:xx:xx:xx,12-06-25 6:04,0:31:06,111,6
xx:xx:xx:xx:xx:xx,12-06-25 5:33,0:29:42,100,4
xx:xx:xx:xx:xx:xx,12-06-25 5:00,0:21:34,57,1
xx:xx:xx:xx:xx:xx,12-06-25 4:38,0:28:13,78,3
xx:xx:xx:xx:xx:xx,12-06-25 4:10,0:27:45,73,2
xx:xx:xx:xx:xx:xx,12-06-25 3:42,0:28:08,2011,36
xx:xx:xx:xx:xx:xx,12-06-25 3:14,0:29:12,3331,57
xx:xx:xx:xx:xx:xx,12-06-25 2:45,0:30:44,1311,23
xx:xx:xx:xx:xx:xx,12-06-25 2:14,0:30:46,1684,30
xx:xx:xx:xx:xx:xx,12-06-25 1:43,0:29:24,3185,50
xx:xx:xx:xx:xx:xx,12-06-25 1:14,0:31:34,2853,883
xx:xx:xx:xx:xx:xx,12-06-25 0:42,0:30:47,416,13
xx:xx:xx:xx:xx:xx,12-06-25 0:10,0:01:15,8,0
xx:xx:xx:xx:xx:xx,12-06-25 0:09,0:06:00,49,1
xx:xx:xx:xx:xx:xx,12-06-25 0:02,0:16:04,483,627
xx:xx:xx:xx:xx:xx,11-06-25 23:46,0:27:15,188,7
xx:xx:xx:xx:xx:xx,11-06-25 23:19,0:31:52,1376,84
xx:xx:xx:xx:xx:xx,11-06-25 22:47,0:30:30,1199,63
xx:xx:xx:xx:xx:xx,11-06-25 22:16,0:32:40,1083,28
xx:xx:xx:xx:xx:xx,11-06-25 21:44,0:29:06,1444,44
xx:xx:xx:xx:xx:xx,11-06-25 21:14,0:29:56,991,35
xx:xx:xx:xx:xx:xx,11-06-25 20:44,0:32:43,201,177
xx:xx:xx:xx:xx:xx,11-06-25 20:12,0:28:50,301,78
xx:xx:xx:xx:xx:xx,11-06-25 19:43,0:32:41,901,29
xx:xx:xx:xx:xx:xx,11-06-25 19:10,0:27:32,373,18
xx:xx:xx:xx:xx:xx,11-06-25 18:43,0:29:32,736,21
xx:xx:xx:xx:xx:xx,11-06-25 18:13,0:29:12,257,29
xx:xx:xx:xx:xx:xx,11-06-25 17:44,0:32:11,401,105
xx:xx:xx:xx:xx:xx,11-06-25 17:12,0:30:17,248,13
xx:xx:xx:xx:xx:xx,11-06-25 16:41,0:28:33,281,22
xx:xx:xx:xx:xx:xx,11-06-25 16:13,0:32:31,897,370
xx:xx:xx:xx:xx:xx,11-06-25 15:40,0:27:06,184,9
xx:xx:xx:xx:xx:xx,11-06-25 15:13,0:32:13,462,18
xx:xx:xx:xx:xx:xx,11-06-25 14:41,0:27:41,281,14
xx:xx:xx:xx:xx:xx,11-06-25 14:13,0:28:26,109,10
xx:xx:xx:xx:xx:xx,11-06-25 13:45,0:30:33,153,8
xx:xx:xx:xx:xx:xx,11-06-25 13:14,0:28:52,167,11
xx:xx:xx:xx:xx:xx,11-06-25 12:46,0:31:30,106,7
xx:xx:xx:xx:xx:xx,11-06-25 12:14,0:31:55,413,19
xx:xx:xx:xx:xx:xx,11-06-25 11:42,0:30:33,340,9
xx:xx:xx:xx:xx:xx,11-06-25 11:12,0:32:40,142,8
xx:xx:xx:xx:xx:xx,11-06-25 10:39,0:28:04,13,3
xx:xx:xx:xx:xx:xx,11-06-25 10:11,0:27:58,241,10
xx:xx:xx:xx:xx:xx,11-06-25 9:43,0:30:52,636,24
xx:xx:xx:xx:xx:xx,11-06-25 9:12,0:32:04,313,15
xx:xx:xx:xx:xx:xx,11-06-25 8:40,0:29:37,275,14
xx:xx:xx:xx:xx:xx,11-06-25 8:10,0:29:35,254,12
xx:xx:xx:xx:xx:xx,11-06-25 7:41,0:32:42,346,16
xx:xx:xx:xx:xx:xx,11-06-25 7:08,0:31:32,244,8
xx:xx:xx:xx:xx:xx,11-06-25 6:37,0:30:42,21,3
xx:xx:xx:xx:xx:xx,11-06-25 6:06,0:29:59,101,5
xx:xx:xx:xx:xx:xx,11-06-25 5:36,0:32:58,114,8
xx:xx:xx:xx:xx:xx,11-06-25 5:00,0:09:45,11,2
xx:xx:xx:xx:xx:xx,11-06-25 4:50,0:30:46,1,0
xx:xx:xx:xx:xx:xx,11-06-25 4:19,0:27:52,20,3
xx:xx:xx:xx:xx:xx,11-06-25 3:51,0:28:47,3,2
xx:xx:xx:xx:xx:xx,11-06-25 3:22,0:27:33,11,1
xx:xx:xx:xx:xx:xx,11-06-25 2:55,0:32:09,2,1
xx:xx:xx:xx:xx:xx,11-06-25 2:23,0:27:04,14,1
xx:xx:xx:xx:xx:xx,11-06-25 1:56,0:29:10,1,1
xx:xx:xx:xx:xx:xx,11-06-25 1:26,0:31:07,3,2
xx:xx:xx:xx:xx:xx,11-06-25 0:55,0:28:39,2,1
xx:xx:xx:xx:xx:xx,11-06-25 0:27,0:27:47,188,10
xx:xx:xx:xx:xx:xx,10-06-25 23:59,0:31:37,902,23
xx:xx:xx:xx:xx:xx,10-06-25 23:27,0:32:06,449,21
xx:xx:xx:xx:xx:xx,10-06-25 22:55,0:30:37,556,20
xx:xx:xx:xx:xx:xx,10-06-25 22:25,0:30:14,329,31
xx:xx:xx:xx:xx:xx,10-06-25 21:54,0:29:10,668,49
xx:xx:xx:xx:xx:xx,10-06-25 21:25,0:29:56,83,13
xx:xx:xx:xx:xx:xx,10-06-25 20:55,0:31:57,143,26
xx:xx:xx:xx:xx:xx,10-06-25 20:23,0:31:40,112,21
xx:xx:xx:xx:xx:xx,10-06-25 19:52,0:30:45,264,13
xx:xx:xx:xx:xx:xx,10-06-25 19:21,0:30:20,148,10
xx:xx:xx:xx:xx:xx,10-06-25 18:51,0:29:59,1268,25
xx:xx:xx:xx:xx:xx,10-06-25 18:21,0:30:54,196,8
xx:xx:xx:xx:xx:xx,10-06-25 17:50,0:30:16,1129,17
xx:xx:xx:xx:xx:xx,10-06-25 17:19,0:31:21,593,19
xx:xx:xx:xx:xx:xx,10-06-25 16:48,0:29:58,727,26
xx:xx:xx:xx:xx:xx,10-06-25 16:18,0:27:29,4728,102
xx:xx:xx:xx:xx:xx,10-06-25 15:51,0:31:15,1812,42
xx:xx:xx:xx:xx:xx,10-06-25 15:19,0:27:07,1009,28
xx:xx:xx:xx:xx:xx,10-06-25 14:52,0:29:17,664,17
xx:xx:xx:xx:xx:xx,10-06-25 14:23,0:30:17,288,15
xx:xx:xx:xx:xx:xx,10-06-25 13:53,0:28:16,409,57
xx:xx:xx:xx:xx:xx,10-06-25 13:24,0:30:57,410,33
xx:xx:xx:xx:xx:xx,10-06-25 12:53,0:30:34,469,91
xx:xx:xx:xx:xx:xx,10-06-25 12:23,0:27:48,190,7
xx:xx:xx:xx:xx:xx,10-06-25 11:55,0:28:09,641,25
xx:xx:xx:xx:xx:xx,10-06-25 11:27,0:27:39,926,42
xx:xx:xx:xx:xx:xx,10-06-25 10:59,0:27:46,366,151
xx:xx:xx:xx:xx:xx,10-06-25 10:31,0:27:38,605,12
xx:xx:xx:xx:xx:xx,10-06-25 10:04,0:28:12,561,20
xx:xx:xx:xx:xx:xx,10-06-25 9:36,0:31:58,570,22
xx:xx:xx:xx:xx:xx,10-06-25 9:04,0:30:34,596,25
xx:xx:xx:xx:xx:xx,10-06-25 8:33,0:27:17,979,43
xx:xx:xx:xx:xx:xx,10-06-25 8:06,0:27:00,360,17
xx:xx:xx:xx:xx:xx,10-06-25 7:39,0:32:12,497,19
xx:xx:xx:xx:xx:xx,10-06-25 7:07,0:32:15,300,16
xx:xx:xx:xx:xx:xx,10-06-25 6:34,0:30:42,362,11
xx:xx:xx:xx:xx:xx,10-06-25 6:04,0:29:50,382,13
xx:xx:xx:xx:xx:xx,10-06-25 5:34,0:30:57,350,8
xx:xx:xx:xx:xx:xx,10-06-25 5:00,0:05:34,80,1
xx:xx:xx:xx:xx:xx,10-06-25 4:54,0:31:12,427,9
xx:xx:xx:xx:xx:xx,10-06-25 4:23,0:31:34,680,12
xx:xx:xx:xx:xx:xx,10-06-25 3:51,0:30:10,73,6
xx:xx:xx:xx:xx:xx,10-06-25 3:21,0:28:01,1421,35
xx:xx:xx:xx:xx:xx,10-06-25 2:53,0:30:20,213,11
xx:xx:xx:xx:xx:xx,10-06-25 2:23,0:29:59,31,4
xx:xx:xx:xx:xx:xx,10-06-25 1:53,0:27:58,66,7
xx:xx:xx:xx:xx:xx,10-06-25 1:25,0:32:19,3,1
xx:xx:xx:xx:xx:xx,10-06-25 0:52,0:31:39,4,40
xx:xx:xx:xx:xx:xx,10-06-25 0:21,0:30:20,5,2
xx:xx:xx:xx:xx:xx,09-06-25 23:50,0:30:51,484,14
xx:xx:xx:xx:xx:xx,09-06-25 23:20,0:28:15,1118,33
xx:xx:xx:xx:xx:xx,09-06-25 22:51,0:30:33,2291,63
xx:xx:xx:xx:xx:xx,09-06-25 22:21,0:28:25,1218,37
xx:xx:xx:xx:xx:xx,09-06-25 21:52,0:30:48,2130,41
xx:xx:xx:xx:xx:xx,09-06-25 21:22,0:27:29,186,22
xx:xx:xx:xx:xx:xx,09-06-25 20:54,0:28:47,459,23
xx:xx:xx:xx:xx:xx,09-06-25 20:25,0:27:03,260,19
xx:xx:xx:xx:xx:xx,09-06-25 19:58,0:27:03,2513,64
xx:xx:xx:xx:xx:xx,09-06-25 19:31,0:32:04,1737,47
xx:xx:xx:xx:xx:xx,09-06-25 18:59,0:30:17,1536,49
xx:xx:xx:xx:xx:xx,09-06-25 18:29,0:31:05,2213,64
xx:xx:xx:xx:xx:xx,09-06-25 17:58,0:27:17,821,29
xx:xx:xx:xx:xx:xx,09-06-25 17:30,0:31:23,1396,37
xx:xx:xx:xx:xx:xx,09-06-25 16:59,0:29:32,1259,403
xx:xx:xx:xx:xx:xx,09-06-25 16:30,0:32:27,1772,2003
xx:xx:xx:xx:xx:xx,09-06-25 15:57,0:31:32,5601,2262
xx:xx:xx:xx:xx:xx,09-06-25 15:26,0:31:43,1167,1279
xx:xx:xx:xx:xx:xx,09-06-25 14:54,0:31:18,681,57
xx:xx:xx:xx:xx:xx,09-06-25 14:23,0:29:02,626,36
xx:xx:xx:xx:xx:xx,09-06-25 13:54,0:27:35,373,31
xx:xx:xx:xx:xx:xx,09-06-25 13:26,0:31:27,6622,139
xx:xx:xx:xx:xx:xx,09-06-25 12:54,0:31:59,717,15
xx:xx:xx:xx:xx:xx,09-06-25 12:23,0:29:04,769,25
xx:xx:xx:xx:xx:xx,09-06-25 11:53,0:29:49,127,11
xx:xx:xx:xx:xx:xx,09-06-25 11:24,0:28:52,505,96
xx:xx:xx:xx:xx:xx,09-06-25 10:55,0:32:29,160,19
xx:xx:xx:xx:xx:xx,09-06-25 10:22,0:27:51,275,151
xx:xx:xx:xx:xx:xx,09-06-25 9:54,0:30:08,263,15
xx:xx:xx:xx:xx:xx,09-06-25 9:24,0:27:26,61,7
xx:xx:xx:xx:xx:xx,09-06-25 8:57,0:27:34,254,11
xx:xx:xx:xx:xx:xx,09-06-25 8:29,0:29:54,9,2
xx:xx:xx:xx:xx:xx,09-06-25 7:59,0:31:29,4446,78
xx:xx:xx:xx:xx:xx,09-06-25 7:28,0:32:16,2219,60
xx:xx:xx:xx:xx:xx,09-06-25 6:56,0:30:37,1525,241
xx:xx:xx:xx:xx:xx,09-06-25 3:33,0:09:39,1,1
xx:xx:xx:xx:xx:xx,09-06-25 2:33,0:05:46,0,0
xx:xx:xx:xx:xx:xx,09-06-25 2:27,0:32:55,45,5
xx:xx:xx:xx:xx:xx,09-06-25 0:43,0:23:04,3,1
xx:xx:xx:xx:xx:xx,09-06-25 0:20,0:31:29,3424,242
xx:xx:xx:xx:xx:xx,08-06-25 23:49,0:29:19,3210,168
xx:xx:xx:xx:xx:xx,08-06-25 23:19,0:27:54,580,65
xx:xx:xx:xx:xx:xx,08-06-25 22:51,0:27:28,156,9
xx:xx:xx:xx:xx:xx,08-06-25 22:24,0:30:06,736,27
xx:xx:xx:xx:xx:xx,08-06-25 21:54,0:30:46,571,28
xx:xx:xx:xx:xx:xx,08-06-25 21:23,0:31:37,449,32
xx:xx:xx:xx:xx:xx,08-06-25 20:51,0:31:21,3009,105
xx:xx:xx:xx:xx:xx,08-06-25 20:18,0:04:25,77,7
xx:xx:xx:xx:xx:xx,08-06-25 20:12,0:07:07,92,8
xx:xx:xx:xx:xx:xx,08-06-25 20:05,0:32:45,620,28
xx:xx:xx:xx:xx:xx,08-06-25 19:32,0:32:13,4587,116
xx:xx:xx:xx:xx:xx,08-06-25 19:00,0:30:03,4692,132
xx:xx:xx:xx:xx:xx,08-06-25 18:30,0:30:14,4501,122
xx:xx:xx:xx:xx:xx,08-06-25 18:00,0:28:49,174,16
xx:xx:xx:xx:xx:xx,08-06-25 17:31,0:29:14,1649,39
xx:xx:xx:xx:xx:xx,08-06-25 17:02,0:28:09,3531,78
xx:xx:xx:xx:xx:xx,08-06-25 16:34,0:29:45,1914,56
xx:xx:xx:xx:xx:xx,08-06-25 16:04,0:32:08,1881,49
xx:xx:xx:xx:xx:xx,08-06-25 15:32,0:28:46,12888,749
xx:xx:xx:xx:xx:xx,08-06-25 15:03,0:27:42,1270,56
xx:xx:xx:xx:xx:xx,08-06-25 14:35,0:30:28,585,27
xx:xx:xx:xx:xx:xx,08-06-25 14:05,0:32:21,1011,29
xx:xx:xx:xx:xx:xx,08-06-25 13:33,0:32:37,677,20
xx:xx:xx:xx:xx:xx,08-06-25 13:00,0:30:56,1544,37
xx:xx:xx:xx:xx:xx,08-06-25 12:29,0:27:16,358,293
xx:xx:xx:xx:xx:xx,08-06-25 12:02,0:32:06,2388,193
xx:xx:xx:xx:xx:xx,08-06-25 11:30,0:30:18,1645,42
xx:xx:xx:xx:xx:xx,08-06-25 10:59,0:29:35,1530,53
xx:xx:xx:xx:xx:xx,08-06-25 10:30,0:32:51,1275,47
xx:xx:xx:xx:xx:xx,08-06-25 9:57,0:29:10,156,16
xx:xx:xx:xx:xx:xx,08-06-25 9:28,0:30:33,26,7
xx:xx:xx:xx:xx:xx,08-06-25 8:57,0:27:39,446,18
xx:xx:xx:xx:xx:xx,08-06-25 8:30,0:27:48,842,27
xx:xx:xx:xx:xx:xx,08-06-25 8:02,0:32:20,587,199
xx:xx:xx:xx:xx:xx,08-06-25 7:29,0:29:48,432,17
xx:xx:xx:xx:xx:xx,08-06-25 7:00,0:27:35,193,12
xx:xx:xx:xx:xx:xx,08-06-25 6:32,0:30:06,392,10
xx:xx:xx:xx:xx:xx,08-06-25 6:02,0:29:27,197,9
xx:xx:xx:xx:xx:xx,08-06-25 5:33,0:31:20,237,5
xx:xx:xx:xx:xx:xx,08-06-25 5:00,0:00:08,0,0
xx:xx:xx:xx:xx:xx,08-06-25 4:59,0:28:16,254,8
xx:xx:xx:xx:xx:xx,08-06-25 4:31,0:29:04,343,17
xx:xx:xx:xx:xx:xx,08-06-25 4:01,0:09:07,44,3
xx:xx:xx:xx:xx:xx,08-06-25 3:49,0:06:44,10,2
xx:xx:xx:xx:xx:xx,08-06-25 3:42,0:31:04,72,6
xx:xx:xx:xx:xx:xx,08-06-25 3:11,0:32:33,152,8
xx:xx:xx:xx:xx:xx,08-06-25 2:38,0:29:21,6,2
xx:xx:xx:xx:xx:xx,08-06-25 2:09,0:27:52,25,3
xx:xx:xx:xx:xx:xx,08-06-25 1:41,0:30:18,7,3
xx:xx:xx:xx:xx:xx,08-06-25 1:11,0:28:19,9,4
xx:xx:xx:xx:xx:xx,08-06-25 0:43,0:31:50,32,7
xx:xx:xx:xx:xx:xx,08-06-25 0:11,0:27:20,9,4
xx:xx:xx:xx:xx:xx,07-06-25 23:43,0:30:53,573,22
xx:xx:xx:xx:xx:xx,07-06-25 23:13,0:30:00,1394,34
xx:xx:xx:xx:xx:xx,07-06-25 22:43,0:29:00,1558,38
xx:xx:xx:xx:xx:xx,07-06-25 22:11,0:19:38,1081,30
xx:xx:xx:xx:xx:xx,07-06-25 21:51,0:28:34,1157,42
xx:xx:xx:xx:xx:xx,07-06-25 21:23,0:29:36,1334,55
xx:xx:xx:xx:xx:xx,07-06-25 20:53,0:30:38,401,20
xx:xx:xx:xx:xx:xx,07-06-25 20:23,0:32:08,2154,116
xx:xx:xx:xx:xx:xx,07-06-25 19:50,0:28:47,1781,48
xx:xx:xx:xx:xx:xx,07-06-25 19:22,0:28:30,1578,50
xx:xx:xx:xx:xx:xx,07-06-25 18:53,0:30:07,84,10
xx:xx:xx:xx:xx:xx,07-06-25 18:23,0:28:48,201,22
xx:xx:xx:xx:xx:xx,07-06-25 17:54,0:32:11,48,14
xx:xx:xx:xx:xx:xx,07-06-25 17:22,0:27:56,261,8
xx:xx:xx:xx:xx:xx,07-06-25 16:54,0:28:38,420,8
xx:xx:xx:xx:xx:xx,07-06-25 16:26,0:32:38,135,12
xx:xx:xx:xx:xx:xx,07-06-25 15:53,0:28:41,472,194
xx:xx:xx:xx:xx:xx,07-06-25 15:24,0:27:47,119,8
xx:xx:xx:xx:xx:xx,07-06-25 14:56,0:29:52,316,24
xx:xx:xx:xx:xx:xx,07-06-25 14:27,0:32:41,28,6
xx:xx:xx:xx:xx:xx,07-06-25 13:54,0:32:53,229,9
xx:xx:xx:xx:xx:xx,07-06-25 13:21,0:28:40,197,8
xx:xx:xx:xx:xx:xx,07-06-25 12:52,0:30:04,221,12
xx:xx:xx:xx:xx:xx,07-06-25 12:22,0:28:21,268,12
xx:xx:xx:xx:xx:xx,07-06-25 11:54,0:32:07,118,5
xx:xx:xx:xx:xx:xx,07-06-25 11:22,0:30:59,9,1
xx:xx:xx:xx:xx:xx,07-06-25 10:51,0:30:53,93,7
xx:xx:xx:xx:xx:xx,07-06-25 10:20,0:31:53,72,5
xx:xx:xx:xx:xx:xx,07-06-25 9:48,0:27:32,56,4
xx:xx:xx:xx:xx:xx,07-06-25 9:21,0:27:52,7,2
xx:xx:xx:xx:xx:xx,07-06-25 8:53,0:28:21,77,3
xx:xx:xx:xx:xx:xx,07-06-25 8:24,0:32:24,55,6
xx:xx:xx:xx:xx:xx,07-06-25 7:52,0:28:56,304,16
xx:xx:xx:xx:xx:xx,07-06-25 7:23,0:29:33,1028,50
xx:xx:xx:xx:xx:xx,07-06-25 6:51,0:20:44,210,14
xx:xx:xx:xx:xx:xx,07-06-25 6:30,0:31:22,267,21
xx:xx:xx:xx:xx:xx,07-06-25 5:58,0:27:51,503,29
xx:xx:xx:xx:xx:xx,07-06-25 5:31,0:27:51,342,24
xx:xx:xx:xx:xx:xx,07-06-25 5:00,0:30:53,43,5
xx:xx:xx:xx:xx:xx,07-06-25 4:29,0:31:28,5,1
xx:xx:xx:xx:xx:xx,07-06-25 3:57,0:28:22,1,1
xx:xx:xx:xx:xx:xx,07-06-25 3:29,0:31:33,203,5
xx:xx:xx:xx:xx:xx,07-06-25 2:57,0:30:07,6,2
xx:xx:xx:xx:xx:xx,07-06-25 2:27,0:31:36,5,2
xx:xx:xx:xx:xx:xx,07-06-25 1:56,0:27:45,1,1
xx:xx:xx:xx:xx:xx,07-06-25 1:28,0:31:16,4,3
xx:xx:xx:xx:xx:xx,07-06-25 0:57,0:27:09,1,1
xx:xx:xx:xx:xx:xx,07-06-25 0:29,0:28:32,4,1
xx:xx:xx:xx:xx:xx,07-06-25 0:01,0:30:22,171,15
xx:xx:xx:xx:xx:xx,06-06-25 23:30,0:28:57,89,8
xx:xx:xx:xx:xx:xx,06-06-25 23:02,0:28:55,565,25
xx:xx:xx:xx:xx:xx,06-06-25 22:33,0:29:59,1248,54
xx:xx:xx:xx:xx:xx,06-06-25 22:03,0:30:45,1591,53
xx:xx:xx:xx:xx:xx,06-06-25 21:32,0:30:09,1669,66
xx:xx:xx:xx:xx:xx,06-06-25 21:02,0:29:34,1418,48
xx:xx:xx:xx:xx:xx,06-06-25 20:32,0:30:56,1119,36
xx:xx:xx:xx:xx:xx,06-06-25 20:01,0:29:53,2158,72
xx:xx:xx:xx:xx:xx,06-06-25 19:31,0:28:16,814,30
xx:xx:xx:xx:xx:xx,06-06-25 19:03,0:31:17,1055,37
xx:xx:xx:xx:xx:xx,06-06-25 18:32,0:29:56,880,44
xx:xx:xx:xx:xx:xx,06-06-25 18:02,0:31:41,988,35
xx:xx:xx:xx:xx:xx,06-06-25 17:30,0:30:19,1145,27
xx:xx:xx:xx:xx:xx,06-06-25 17:00,0:29:07,2308,64
xx:xx:xx:xx:xx:xx,06-06-25 16:31,0:29:26,475,22
xx:xx:xx:xx:xx:xx,06-06-25 16:01,0:29:48,507,28
xx:xx:xx:xx:xx:xx,06-06-25 15:32,0:30:10,215,15
xx:xx:xx:xx:xx:xx,06-06-25 15:01,0:27:39,410,15
xx:xx:xx:xx:xx:xx,06-06-25 14:34,0:32:15,1347,21
xx:xx:xx:xx:xx:xx,06-06-25 14:01,0:31:24,793,24
xx:xx:xx:xx:xx:xx,06-06-25 13:30,0:28:09,770,71
xx:xx:xx:xx:xx:xx,06-06-25 13:02,0:28:51,135,7
xx:xx:xx:xx:xx:xx,06-06-25 12:33,0:28:11,17,3
xx:xx:xx:xx:xx:xx,06-06-25 12:05,0:30:58,130,5
xx:xx:xx:xx:xx:xx,06-06-25 11:34,0:32:19,409,11
xx:xx:xx:xx:xx:xx,06-06-25 11:02,0:30:52,3805,116
xx:xx:xx:xx:xx:xx,06-06-25 10:31,0:27:03,132,9
xx:xx:xx:xx:xx:xx,06-06-25 10:04,0:29:42,287,17
xx:xx:xx:xx:xx:xx,06-06-25 9:34,0:31:18,113,9
xx:xx:xx:xx:xx:xx,06-06-25 9:03,0:30:45,848,675
xx:xx:xx:xx:xx:xx,06-06-25 8:32,0:30:37,293,16
xx:xx:xx:xx:xx:xx,06-06-25 8:01,0:30:55,454,15
xx:xx:xx:xx:xx:xx,06-06-25 7:30,0:31:39,1150,134
xx:xx:xx:xx:xx:xx,06-06-25 6:59,0:27:52,142,6
xx:xx:xx:xx:xx:xx,06-06-25 6:31,0:27:00,58,6
xx:xx:xx:xx:xx:xx,06-06-25 6:04,0:30:38,12,2
xx:xx:xx:xx:xx:xx,06-06-25 5:33,0:30:22,15,1
xx:xx:xx:xx:xx:xx,06-06-25 5:00,0:29:29,1,1
xx:xx:xx:xx:xx:xx,06-06-25 4:30,0:30:53,6,2
xx:xx:xx:xx:xx:xx,06-06-25 3:59,0:27:02,1,1
xx:xx:xx:xx:xx:xx,06-06-25 3:32,0:30:57,3,1
xx:xx:xx:xx:xx:xx,06-06-25 3:01,0:28:28,1,1
xx:xx:xx:xx:xx:xx,06-06-25 2:33,0:28:14,1,0
xx:xx:xx:xx:xx:xx,06-06-25 2:04,0:27:38,23,2
xx:xx:xx:xx:xx:xx,06-06-25 1:37,0:30:14,2,1
xx:xx:xx:xx:xx:xx,06-06-25 1:07,0:28:06,2,1
xx:xx:xx:xx:xx:xx,06-06-25 0:39,0:31:31,151,4
xx:xx:xx:xx:xx:xx,06-06-25 0:07,0:28:49,294,7
xx:xx:xx:xx:xx:xx,05-06-25 23:38,0:29:56,2414,50
xx:xx:xx:xx:xx:xx,05-06-25 23:08,0:31:06,552,20
xx:xx:xx:xx:xx:xx,05-06-25 22:37,0:27:41,717,20
xx:xx:xx:xx:xx:xx,05-06-25 22:09,0:32:18,930,24
xx:xx:xx:xx:xx:xx,05-06-25 21:37,0:30:58,750,40
xx:xx:xx:xx:xx:xx,05-06-25 21:06,0:28:14,320,27
xx:xx:xx:xx:xx:xx,05-06-25 20:38,0:29:39,300,22
xx:xx:xx:xx:xx:xx,05-06-25 20:08,0:28:12,154,10
xx:xx:xx:xx:xx:xx,05-06-25 19:40,0:32:15,475,16
xx:xx:xx:xx:xx:xx,05-06-25 19:08,0:30:20,889,26
xx:xx:xx:xx:xx:xx,05-06-25 18:38,0:29:55,231,9
xx:xx:xx:xx:xx:xx,05-06-25 18:08,0:30:14,1000,17
xx:xx:xx:xx:xx:xx,05-06-25 17:37,0:27:56,516,33
xx:xx:xx:xx:xx:xx,05-06-25 17:09,0:31:23,7550,228
xx:xx:xx:xx:xx:xx,05-06-25 16:38,0:27:30,10844,278
xx:xx:xx:xx:xx:xx,05-06-25 16:11,0:27:53,3581,62
xx:xx:xx:xx:xx:xx,05-06-25 15:43,0:32:31,1301,35
xx:xx:xx:xx:xx:xx,05-06-25 15:10,0:30:41,914,25
xx:xx:xx:xx:xx:xx,05-06-25 14:39,0:28:58,383,13
xx:xx:xx:xx:xx:xx,05-06-25 14:11,0:30:15,755,24
xx:xx:xx:xx:xx:xx,05-06-25 13:40,0:31:31,1505,42
xx:xx:xx:xx:xx:xx,05-06-25 13:09,0:30:25,1475,44
xx:xx:xx:xx:xx:xx,05-06-25 12:38,0:29:11,5889,189
xx:xx:xx:xx:xx:xx,05-06-25 12:09,0:31:13,832,337
xx:xx:xx:xx:xx:xx,05-06-25 11:38,0:27:12,253,22
xx:xx:xx:xx:xx:xx,05-06-25 11:11,0:31:21,1203,44
xx:xx:xx:xx:xx:xx,05-06-25 10:39,0:27:42,1572,44
xx:xx:xx:xx:xx:xx,05-06-25 10:12,0:27:27,570,22
xx:xx:xx:xx:xx:xx,05-06-25 9:44,0:29:02,347,17
xx:xx:xx:xx:xx:xx,05-06-25 9:15,0:27:29,792,33
xx:xx:xx:xx:xx:xx,05-06-25 8:48,0:31:48,46,6
xx:xx:xx:xx:xx:xx,05-06-25 8:16,0:27:18,182,17
xx:xx:xx:xx:xx:xx,05-06-25 7:46,0:09:10,136,15
xx:xx:xx:xx:xx:xx,05-06-25 7:36,0:32:10,1582,253
xx:xx:xx:xx:xx:xx,05-06-25 7:04,0:30:08,871,43
xx:xx:xx:xx:xx:xx,05-06-25 6:34,0:28:54,78,10
xx:xx:xx:xx:xx:xx,05-06-25 6:05,0:30:34,172,5
xx:xx:xx:xx:xx:xx,05-06-25 5:35,0:32:35,108,7
xx:xx:xx:xx:xx:xx,05-06-25 5:00,0:31:36,1,1
xx:xx:xx:xx:xx:xx,05-06-25 4:28,0:32:41,5,2
xx:xx:xx:xx:xx:xx,05-06-25 3:55,0:30:43,53,5
xx:xx:xx:xx:xx:xx,05-06-25 3:25,0:30:36,44,5
xx:xx:xx:xx:xx:xx,05-06-25 2:54,0:31:10,645,13
xx:xx:xx:xx:xx:xx,05-06-25 2:23,0:27:51,36,4
xx:xx:xx:xx:xx:xx,05-06-25 1:55,0:27:57,94,4
xx:xx:xx:xx:xx:xx,05-06-25 1:27,0:31:38,344,8
xx:xx:xx:xx:xx:xx,05-06-25 0:55,0:28:30,159,5
xx:xx:xx:xx:xx:xx,05-06-25 0:27,0:32:13,195,9
xx:xx:xx:xx:xx:xx,04-06-25 23:55,0:30:44,1081,53
xx:xx:xx:xx:xx:xx,04-06-25 23:24,0:29:31,1514,303
xx:xx:xx:xx:xx:xx,04-06-25 22:54,0:30:42,794,126
xx:xx:xx:xx:xx:xx,04-06-25 22:24,0:30:51,898,166
xx:xx:xx:xx:xx:xx,04-06-25 21:53,0:28:58,523,23
xx:xx:xx:xx:xx:xx,04-06-25 21:24,0:32:58,534,82
xx:xx:xx:xx:xx:xx,04-06-25 20:51,0:27:32,204,93
xx:xx:xx:xx:xx:xx,04-06-25 20:23,0:31:23,178,84
xx:xx:xx:xx:xx:xx,04-06-25 19:52,0:30:58,824,52
xx:xx:xx:xx:xx:xx,04-06-25 19:21,0:30:52,518,16
xx:xx:xx:xx:xx:xx,04-06-25 18:50,0:28:41,2060,57
xx:xx:xx:xx:xx:xx,04-06-25 18:21,0:31:17,2971,90
xx:xx:xx:xx:xx:xx,04-06-25 17:50,0:28:07,779,24
xx:xx:xx:xx:xx:xx,04-06-25 17:22,0:27:33,722,23
xx:xx:xx:xx:xx:xx,04-06-25 16:54,0:30:22,2013,205
xx:xx:xx:xx:xx:xx,04-06-25 16:24,0:29:34,498,17
xx:xx:xx:xx:xx:xx,04-06-25 15:55,0:30:40,1077,43
xx:xx:xx:xx:xx:xx,04-06-25 15:21,0:29:11,2107,72
xx:xx:xx:xx:xx:xx,04-06-25 14:51,0:32:13,1195,61
xx:xx:xx:xx:xx:xx,04-06-25 14:19,0:30:19,589,14
xx:xx:xx:xx:xx:xx,04-06-25 13:49,0:32:30,1005,23
xx:xx:xx:xx:xx:xx,04-06-25 13:16,0:29:51,553,16
xx:xx:xx:xx:xx:xx,04-06-25 12:46,0:28:37,125,12
xx:xx:xx:xx:xx:xx,04-06-25 12:18,0:31:29,199,173
xx:xx:xx:xx:xx:xx,04-06-25 11:46,0:27:33,824,180
xx:xx:xx:xx:xx:xx,04-06-25 11:19,0:27:02,1783,41
xx:xx:xx:xx:xx:xx,04-06-25 10:52,0:28:43,740,33
xx:xx:xx:xx:xx:xx,04-06-25 10:23,0:28:20,635,20
xx:xx:xx:xx:xx:xx,04-06-25 9:55,0:30:59,545,24
xx:xx:xx:xx:xx:xx,04-06-25 9:24,0:32:11,551,92
xx:xx:xx:xx:xx:xx,04-06-25 8:52,0:29:01,202,18
xx:xx:xx:xx:xx:xx,04-06-25 8:23,0:27:58,330,19
xx:xx:xx:xx:xx:xx,04-06-25 7:55,0:27:39,141,17
xx:xx:xx:xx:xx:xx,04-06-25 7:27,0:29:46,120,202
xx:xx:xx:xx:xx:xx,04-06-25 6:57,0:27:56,233,9
xx:xx:xx:xx:xx:xx,04-06-25 6:29,0:30:48,40,5
xx:xx:xx:xx:xx:xx,04-06-25 5:58,0:28:36,505,21
xx:xx:xx:xx:xx:xx,04-06-25 5:30,0:27:00,261,10
xx:xx:xx:xx:xx:xx,04-06-25 5:00,0:17:08,8,1
xx:xx:xx:xx:xx:xx,04-06-25 4:42,0:27:17,2,1
xx:xx:xx:xx:xx:xx,04-06-25 4:15,0:30:40,16,5
xx:xx:xx:xx:xx:xx,04-06-25 3:44,0:30:48,89,3
xx:xx:xx:xx:xx:xx,04-06-25 3:14,0:27:05,116,3
xx:xx:xx:xx:xx:xx,04-06-25 2:47,0:32:37,452,392
xx:xx:xx:xx:xx:xx,04-06-25 2:11,0:01:11,0,0
xx:xx:xx:xx:xx:xx,04-06-25 2:09,0:31:08,91,81
xx:xx:xx:xx:xx:xx,04-06-25 1:38,0:28:39,290,120
xx:xx:xx:xx:xx:xx,04-06-25 1:08,0:08:10,166,280
xx:xx:xx:xx:xx:xx,04-06-25 0:57,0:07:31,831,62
xx:xx:xx:xx:xx:xx,04-06-25 0:50,0:31:10,1919,121
xx:xx:xx:xx:xx:xx,04-06-25 0:18,0:32:03,4827,321
xx:xx:xx:xx:xx:xx,03-06-25 23:46,0:27:48,5704,381
xx:xx:xx:xx:xx:xx,03-06-25 23:19,0:31:18,1150,52
xx:xx:xx:xx:xx:xx,03-06-25 22:47,0:28:46,1419,74
xx:xx:xx:xx:xx:xx,03-06-25 22:19,0:28:46,946,54
xx:xx:xx:xx:xx:xx,03-06-25 21:50,0:31:46,1031,57
xx:xx:xx:xx:xx:xx,03-06-25 21:18,0:31:21,1036,64
xx:xx:xx:xx:xx:xx,03-06-25 20:47,0:30:30,1501,108
xx:xx:xx:xx:xx:xx,03-06-25 20:16,0:00:00,0,0
xx:xx:xx:xx:xx:xx,03-06-25 20:16,0:31:56,3620,166
xx:xx:xx:xx:xx:xx,03-06-25 19:44,0:30:10,1424,55
xx:xx:xx:xx:xx:xx,03-06-25 19:14,0:30:21,1007,57
xx:xx:xx:xx:xx:xx,03-06-25 18:44,0:32:34,792,35
xx:xx:xx:xx:xx:xx,03-06-25 18:09,0:00:44,4,0
xx:xx:xx:xx:xx:xx,03-06-25 18:08,0:27:38,367,15
xx:xx:xx:xx:xx:xx,03-06-25 17:40,0:31:17,588,13
xx:xx:xx:xx:xx:xx,03-06-25 17:09,0:30:01,1105,22
xx:xx:xx:xx:xx:xx,03-06-25 16:39,0:32:38,693,19
xx:xx:xx:xx:xx:xx,03-06-25 16:06,0:31:23,1177,22
xx:xx:xx:xx:xx:xx,03-06-25 15:35,0:31:21,1899,45
xx:xx:xx:xx:xx:xx,03-06-25 15:04,0:28:54,2258,51
xx:xx:xx:xx:xx:xx,03-06-25 14:35,0:30:00,2260,61
xx:xx:xx:xx:xx:xx,03-06-25 14:05,0:32:13,594,21
xx:xx:xx:xx:xx:xx,03-06-25 13:32,0:32:58,1046,48
xx:xx:xx:xx:xx:xx,03-06-25 12:59,0:28:54,191,14
xx:xx:xx:xx:xx:xx,03-06-25 12:31,0:27:55,827,21
xx:xx:xx:xx:xx:xx,03-06-25 12:03,0:29:18,976,26
xx:xx:xx:xx:xx:xx,03-06-25 11:33,0:30:50,438,21
xx:xx:xx:xx:xx:xx,03-06-25 11:01,0:04:41,307,8
xx:xx:xx:xx:xx:xx,03-06-25 10:57,0:28:09,1874,44
xx:xx:xx:xx:xx:xx,03-06-25 10:28,0:28:04,2563,50
xx:xx:xx:xx:xx:xx,03-06-25 10:00,0:32:36,1771,33
xx:xx:xx:xx:xx:xx,03-06-25 9:28,0:32:54,416,21
xx:xx:xx:xx:xx:xx,03-06-25 8:55,0:30:51,852,46
xx:xx:xx:xx:xx:xx,03-06-25 8:24,0:31:22,600,26
xx:xx:xx:xx:xx:xx,03-06-25 7:53,0:32:56,542,18
xx:xx:xx:xx:xx:xx,03-06-25 7:20,0:27:05,374,206
xx:xx:xx:xx:xx:xx,03-06-25 6:53,0:28:15,78,4
xx:xx:xx:xx:xx:xx,03-06-25 6:24,0:27:02,56,4
xx:xx:xx:xx:xx:xx,03-06-25 5:57,0:28:44,111,5
xx:xx:xx:xx:xx:xx,03-06-25 5:29,0:27:49,137,6
xx:xx:xx:xx:xx:xx,03-06-25 5:00,0:05:00,42,1
xx:xx:xx:xx:xx:xx,03-06-25 4:55,0:28:55,129,5
xx:xx:xx:xx:xx:xx,03-06-25 4:26,0:29:44,7,3
xx:xx:xx:xx:xx:xx,03-06-25 3:56,0:32:40,3,1
xx:xx:xx:xx:xx:xx,03-06-25 3:23,0:30:19,6,1
xx:xx:xx:xx:xx:xx,03-06-25 2:53,0:29:36,39,2
xx:xx:xx:xx:xx:xx,03-06-25 2:23,0:28:10,30,3
xx:xx:xx:xx:xx:xx,03-06-25 1:55,0:27:26,2,1
xx:xx:xx:xx:xx:xx,03-06-25 1:28,0:30:35,156,4
xx:xx:xx:xx:xx:xx,03-06-25 0:57,0:27:32,140,6
xx:xx:xx:xx:xx:xx,03-06-25 0:30,0:29:30,776,17
xx:xx:xx:xx:xx:xx,03-06-25 0:00,0:31:35,2468,48
xx:xx:xx:xx:xx:xx,02-06-25 23:28,0:29:10,1692,32
xx:xx:xx:xx:xx:xx,02-06-25 22:59,0:30:48,1274,54
xx:xx:xx:xx:xx:xx,02-06-25 22:29,0:28:36,1432,42
xx:xx:xx:xx:xx:xx,02-06-25 22:00,0:32:10,545,22
xx:xx:xx:xx:xx:xx,02-06-25 21:28,0:31:34,364,16
xx:xx:xx:xx:xx:xx,02-06-25 20:56,0:27:58,674,29
xx:xx:xx:xx:xx:xx,02-06-25 20:28,0:27:07,955,25
xx:xx:xx:xx:xx:xx,02-06-25 20:01,0:27:08,1024,27
xx:xx:xx:xx:xx:xx,02-06-25 19:34,0:28:20,999,24
xx:xx:xx:xx:xx:xx,02-06-25 19:06,0:30:43,486,8
xx:xx:xx:xx:xx:xx,02-06-25 18:35,0:30:07,336,9
xx:xx:xx:xx:xx:xx,02-06-25 18:05,0:31:21,96,6
xx:xx:xx:xx:xx:xx,02-06-25 17:33,0:27:48,427,8
xx:xx:xx:xx:xx:xx,02-06-25 17:06,0:27:35,300,10
xx:xx:xx:xx:xx:xx,02-06-25 16:38,0:30:52,671,21
xx:xx:xx:xx:xx:xx,02-06-25 16:07,0:30:56,1004,26
xx:xx:xx:xx:xx:xx,02-06-25 15:36,0:32:43,207,121
xx:xx:xx:xx:xx:xx,02-06-25 15:04,0:31:20,1061,46
xx:xx:xx:xx:xx:xx,02-06-25 14:32,0:28:58,643,32
xx:xx:xx:xx:xx:xx,02-06-25 14:03,0:32:23,672,23
xx:xx:xx:xx:xx:xx,02-06-25 13:31,0:31:58,555,19
xx:xx:xx:xx:xx:xx,02-06-25 12:59,0:27:01,355,19
xx:xx:xx:xx:xx:xx,02-06-25 12:32,0:28:33,53,7
xx:xx:xx:xx:xx:xx,02-06-25 12:03,0:29:19,202,16
xx:xx:xx:xx:xx:xx,02-06-25 11:34,0:31:25,706,99
xx:xx:xx:xx:xx:xx,02-06-25 11:03,0:28:12,360,20
xx:xx:xx:xx:xx:xx,02-06-25 10:34,0:31:09,638,20
xx:xx:xx:xx:xx:xx,02-06-25 10:03,0:27:12,677,51
xx:xx:xx:xx:xx:xx,02-06-25 9:36,0:30:21,185,8
xx:xx:xx:xx:xx:xx,02-06-25 9:06,0:32:57,165,6
xx:xx:xx:xx:xx:xx,02-06-25 8:33,0:31:28,33,6
xx:xx:xx:xx:xx:xx,02-06-25 8:01,0:29:23,168,8
xx:xx:xx:xx:xx:xx,02-06-25 7:32,0:31:54,266,10
xx:xx:xx:xx:xx:xx,02-06-25 7:00,0:28:12,86,9
xx:xx:xx:xx:xx:xx,02-06-25 6:32,0:31:25,179,10
xx:xx:xx:xx:xx:xx,02-06-25 6:00,0:28:03,128,198
xx:xx:xx:xx:xx:xx,02-06-25 5:32,0:32:02,64,4
xx:xx:xx:xx:xx:xx,02-06-25 5:00,0:09:13,3,1
xx:xx:xx:xx:xx:xx,02-06-25 4:50,0:27:49,33,3
xx:xx:xx:xx:xx:xx,02-06-25 4:22,0:30:38,16,8
xx:xx:xx:xx:xx:xx,02-06-25 3:52,0:32:31,7,4
xx:xx:xx:xx:xx:xx,02-06-25 3:19,0:28:07,8,2
xx:xx:xx:xx:xx:xx,02-06-25 2:51,0:29:03,2020,103
xx:xx:xx:xx:xx:xx,02-06-25 2:22,0:31:51,522,42
xx:xx:xx:xx:xx:xx,02-06-25 1:50,0:28:40,918,35
xx:xx:xx:xx:xx:xx,02-06-25 1:22,0:27:45,936,51
xx:xx:xx:xx:xx:xx,02-06-25 0:54,0:32:41,1068,67
xx:xx:xx:xx:xx:xx,02-06-25 0:21,0:27:14,964,40
xx:xx:xx:xx:xx:xx,01-06-25 23:54,0:29:55,1827,319
xx:xx:xx:xx:xx:xx,01-06-25 23:24,0:28:16,1150,31
xx:xx:xx:xx:xx:xx,01-06-25 22:56,0:00:00,0,0
xx:xx:xx:xx:xx:xx,01-06-25 22:56,0:27:10,1511,41
xx:xx:xx:xx:xx:xx,01-06-25 22:29,0:31:06,3008,72
xx:xx:xx:xx:xx:xx,01-06-25 21:58,0:31:16,2799,70
xx:xx:xx:xx:xx:xx,01-06-25 21:26,0:30:06,364,19
xx:xx:xx:xx:xx:xx,01-06-25 20:56,0:28:28,1509,47
xx:xx:xx:xx:xx:xx,01-06-25 20:28,0:30:01,1986,49
xx:xx:xx:xx:xx:xx,01-06-25 19:58,0:28:22,3217,46
xx:xx:xx:xx:xx:xx,01-06-25 19:29,0:28:40,4373,142
xx:xx:xx:xx:xx:xx,01-06-25 19:01,0:29:20,3714,115
xx:xx:xx:xx:xx:xx,01-06-25 18:31,0:27:33,3702,54
xx:xx:xx:xx:xx:xx,01-06-25 18:04,0:29:39,349,59
xx:xx:xx:xx:xx:xx,01-06-25 17:34,0:30:18,832,22
xx:xx:xx:xx:xx:xx,01-06-25 17:04,0:27:15,295,13
xx:xx:xx:xx:xx:xx,01-06-25 16:37,0:27:25,607,12
xx:xx:xx:xx:xx:xx,01-06-25 16:09,0:28:05,683,19
xx:xx:xx:xx:xx:xx,01-06-25 15:41,0:31:51,2363,51
xx:xx:xx:xx:xx:xx,01-06-25 15:09,0:32:59,764,387
xx:xx:xx:xx:xx:xx,01-06-25 14:36,0:28:37,533,45
xx:xx:xx:xx:xx:xx,01-06-25 14:08,0:29:27,1200,67
xx:xx:xx:xx:xx:xx,01-06-25 13:38,0:32:38,268,20
xx:xx:xx:xx:xx:xx,01-06-25 13:06,0:31:17,165,14
xx:xx:xx:xx:xx:xx,01-06-25 12:34,0:32:13,612,39
xx:xx:xx:xx:xx:xx,01-06-25 12:02,0:31:09,375,18
xx:xx:xx:xx:xx:xx,01-06-25 11:31,0:32:16,248,16
xx:xx:xx:xx:xx:xx,01-06-25 10:59,0:30:38,127,11
xx:xx:xx:xx:xx:xx,01-06-25 10:28,0:28:59,51,7
xx:xx:xx:xx:xx:xx,01-06-25 9:59,0:31:58,80,14
xx:xx:xx:xx:xx:xx,01-06-25 9:27,0:31:13,914,81
xx:xx:xx:xx:xx:xx,01-06-25 8:56,0:27:03,433,48
xx:xx:xx:xx:xx:xx,01-06-25 8:29,0:27:27,550,21
xx:xx:xx:xx:xx:xx,01-06-25 8:01,0:28:23,573,59
xx:xx:xx:xx:xx:xx,01-06-25 7:33,0:30:01,352,94
xx:xx:xx:xx:xx:xx,01-06-25 7:00,0:22:47,172,6
xx:xx:xx:xx:xx:xx,01-06-25 6:37,0:28:07,199,196
xx:xx:xx:xx:xx:xx,01-06-25 6:09,0:31:02,78,3
xx:xx:xx:xx:xx:xx,01-06-25 5:38,0:31:49,125,5
xx:xx:xx:xx:xx:xx,01-06-25 5:06,0:28:17,3,2
xx:xx:xx:xx:xx:xx,01-06-25 4:37,0:27:59,92,2
xx:xx:xx:xx:xx:xx,01-06-25 4:09,0:31:11,416,8
xx:xx:xx:xx:xx:xx,01-06-25 3:38,0:32:21,522,6
xx:xx:xx:xx:xx:xx,01-06-25 3:06,0:29:09,120,3
xx:xx:xx:xx:xx:xx,01-06-25 2:37,0:31:21,271,5
xx:xx:xx:xx:xx:xx,01-06-25 2:05,0:30:32,4,1
xx:xx:xx:xx:xx:xx,01-06-25 1:35,1:01:29,6,2
xx:xx:xx:xx:xx:xx,01-06-25 0:33,0:29:49,160,8
xx:xx:xx:xx:xx:xx,01-06-25 0:04,0:29:43,179,8
